lon,lat,type
289.83225947752726,40.23823266414112,corona
205.1774249053376,26.787182925552372,corona
9.689510627880813,14.176416639815798,corona
109.80941488874885,-4.171377648808175,corona
97.31437843255135,60.324911634894804,corona
203.00164520066258,-5.057085415372768,corona
22.598692519871552,78.16477102450308,corona
38.93492466277187,16.704054577657914,corona
354.57269402742634,-0.9050876877368523,corona
193.91523857332342,40.55625209052282,corona
248.4330754124418,31.363660330686997,corona
255.6238496308103,64.81754828212944,corona
179.2648167424432,-4.664772973324503,corona
300.3238934958724,0.3296203236177888,corona
260.3578509267133,16.15772457329099,corona
114.89659867583396,-13.690160287754352,corona
354.4811248232033,2.997533111416388,corona
99.34721804619798,68.8671925873375,corona
94.86094621152482,59.59742434525519,corona
2.2737469326802815,-36.71389480138607,corona
32.91832164605778,-5.564532807088511,corona
35.67491669062401,-6.02610156685256,corona
213.369084280669,3.141465199786225,corona
256.12703710286706,-4.853239703646935,corona
135.16972803339618,-34.82882848999302,corona
74.61929168461994,1.513657780449293,corona
203.94861517231868,50.0897956933826,corona
203.0372256827002,-47.549010733439836,corona
254.5719006206342,-5.364459005287998,corona
74.61929168461994,1.513657780449293,corona
85.20293706958441,19.92701442008402,corona
349.18366655758354,-5.181138115632436,corona
100.32655356120566,-14.238986863482538,corona
171.39455589981358,-14.326110114716556,corona
31.124892144247994,-27.62658421433767,corona
240.38569420401524,30.502985833104745,corona
265.6592183931964,7.277878483781791,corona
172.71191105200683,-21.20530756840781,corona
223.9134452984855,3.8755551170377487,corona
325.4857985495184,-4.363087444312455,corona
254.8859647033611,53.100091053279144,corona
197.69711700076,63.42240892085515,corona
122.76603436292922,-13.892797728529516,corona
264.1597003037427,-45.79810755492752,corona
137.07967775929833,70.9433866050402,corona
124.92232676408945,-35.85115885306258,corona
19.94353245023025,-10.583556193343007,corona
345.92384988724905,-14.398702650218702,corona
313.3244145144323,6.933364533030655,corona
169.90385490448043,-18.841711185205213,corona
48.10312779069707,12.1084845021727,corona
303.0384631617274,79.07437195160837,corona
339.39478503844043,-3.8935358154880078,corona
172.9172097119285,-19.261618848779726,corona
209.35142511208983,-4.1319498171860545,corona
157.96725070584012,23.983134858302662,corona
185.12060323390233,-5.218380331060629,corona
320.29061154749485,51.05865589351325,corona
310.91068960619947,28.047848738770526,corona
177.281246877476,-3.843774145361749,corona
254.5719006206342,-5.364459005287998,corona
341.28034796628515,14.26600246511272,corona
167.9386511047443,-55.41579473114491,corona
151.24911857712777,-36.19691084872057,corona
136.1388129867142,-33.97949156677506,corona
214.92468635595014,42.93907872998635,corona
263.81751174004665,9.605796503779871,corona
125.38933853753574,17.4014273397227,corona
143.5486985057956,-32.78762052235767,corona
94.1312964820033,-14.538523981096482,corona
320.29061154749485,51.05865589351325,corona
287.01421955755734,-30.259938290033354,corona
284.49861516700236,62.848026543824645,corona
12.808785718422229,-6.1156861991552205,corona
81.0712416283815,-67.37711959761516,corona
30.422415069311498,-24.97359403679534,corona
203.80031459677403,76.7105875070419,corona
208.3449652520429,-28.175547484405797,corona
310.2874101998869,-13.871156878779338,corona
97.94303282734506,-73.27971728577451,corona
44.76918344325256,13.831355512061421,corona
65.58020913320897,-70.1354229787496,corona
124.37646419310863,-37.67956981455378,corona
218.9211975242322,42.812595502023186,corona
76.4452671140049,-14.844957474374965,corona
166.18348993634302,-14.671774740057998,corona
254.22252627581557,62.04106932906042,corona
152.07437838325743,-1.4706380305135696,corona
270.18246071116636,-14.650735482260956,corona
260.98337995879774,-4.577670307233433,corona
213.13590265709647,74.02520120417016,corona
210.50749413905686,-28.390868940285856,corona
229.9558746889482,43.95563738853883,corona
285.112798282851,-41.52009803606779,corona
65.46886579791207,-3.8338882429513745,corona
331.306382635513,-5.136015153749014,corona
67.41021015448153,-43.620454979557294,corona
253.80530729624073,61.352636792369836,corona
346.03850016440504,-68.80134926822211,corona
132.0339301606479,-25.25954077155035,corona
169.58839390855567,-21.72141690217405,corona
136.63235368452717,-42.70822883670699,corona
194.79850410318392,-14.142284090278956,corona
88.62716378865215,-59.006111770455824,corona
206.59969359765182,76.32382967837101,corona
68.36876291537935,10.35108888277945,corona
272.8927837722352,-5.402830107546521,corona
356.9614917452772,3.9881899100824256,corona
22.351467536802065,41.30159202403101,corona
328.94487641641496,-13.74938411314632,corona
341.97252233471914,26.47254840101121,corona
172.92166008903078,-20.396832500975826,corona
257.29116224855443,-8.218068236708206,corona
9.096431337228452,10.20566361748591,corona
46.934622680436156,34.01310206243086,corona
205.3316518032823,50.16253834099584,corona
255.25395749238857,38.055300905390055,corona
18.061370950596302,43.34541982865548,corona
35.67491669062401,-6.02610156685256,corona
158.50364694780555,54.78374221336564,corona
119.94260117246284,-23.729999219103178,corona
56.86073658015985,-23.249972730995673,corona
151.3568277061738,24.660281310974412,corona
254.71769773825187,9.08768581578363,corona
322.65480758796554,67.4086578053044,corona
151.17120966143275,25.035514019172453,corona
42.40733920935033,16.023819240948526,corona
128.80744430853076,-34.1432864547584,corona
64.61953129039533,-70.87130687466303,corona
279.81316840293323,-46.090412011885874,corona
36.973869833805196,-37.101442179211695,corona
244.97782885518365,-3.960579853164262,corona
125.71215291306058,-26.626750438876115,corona
128.49046846494755,-13.989636669065447,corona
309.40290319231906,11.374693651489196,corona
65.03477877799472,13.831629335067888,corona
14.029487466281111,44.079205316598575,corona
238.7558152296674,26.071908412139805,corona
49.961753739035686,-28.068229603950257,corona
175.12793810949208,-21.920341287067565,corona
151.993763906129,54.01748755797986,corona
124.92232676408945,-35.85115885306258,corona
90.38937302924,-14.125336833695762,corona
314.37888888473486,-5.038568326042565,corona
22.28387116906293,54.1089065585124,corona
357.2203591243093,-0.8211570108633737,corona
200.22065792992433,48.60997562448141,corona
223.92946535024427,-4.820567171727632,corona
134.7298618706022,-1.6035256185583933,corona
34.386946343889235,-13.941589426156355,corona
269.43873484721547,-4.301370844963444,corona
259.14089714318584,-3.5012493163895755,corona
276.85045852153513,69.65286730884752,corona
33.17610400284051,23.173023339803876,corona
50.35629299240085,-45.52755323696948,corona
271.26425029285537,63.43253694076277,corona
297.53212052018654,-4.019016791156233,corona
243.20888811974126,-8.373547435495738,corona
306.19852324745983,-14.31731783649618,corona
10.713577270677202,14.366888124617006,corona
73.83744781966365,-40.4475444977492,corona
98.91128755400392,25.80985054526242,corona
16.807141568586523,26.823555450862116,corona
255.6238496308103,64.81754828212944,corona
278.85933359388065,-14.309154301332917,corona
301.71711518005196,-4.333220541911388,corona
45.90369725473052,6.710430249454092,corona
354.7496447689858,-3.8734268843240045,corona
169.63480487695767,-2.2333062338725256,corona
40.520187203806834,10.526436048551957,corona
350.0814360578784,-68.0679577081719,corona
358.1392177942964,3.8188807348985563,corona
199.71658746797704,48.74065684264917,corona
88.9025744174775,69.06356710980994,corona
96.84922546422673,52.33947916326805,corona
202.74651397943043,-32.42076115915078,corona
81.91979129705555,-61.51276127043076,corona
73.80042773483889,-0.1763507255981409,corona
129.45793532827372,-38.825617745980715,corona
225.73740504984647,-12.187311651612582,corona
171.45507496913524,-1.4051639713152895,corona
258.8985183106491,-30.28961204904298,corona
98.99466260813912,59.32829127935803,corona
266.6084179837759,63.96522076393633,corona
214.39066092633507,-14.554727910467449,corona
240.2434295149972,-5.452042235738716,corona
47.94943042673123,8.420198744925102,corona
46.13026590483605,-7.879980248118272,corona
97.8357772315314,61.65957159299775,corona
339.39478503844043,-3.8935358154880078,corona
94.1312964820033,-14.538523981096482,corona
252.29334671977395,65.00525180800851,corona
203.82667192414567,76.26698439873628,corona
73.81959434183598,-43.67692834107264,corona
291.9171520178226,13.395847638436237,corona
329.7561268628449,65.38566175798927,corona
134.55778098052852,21.13872440805946,corona
122.56371949927193,-4.493389468655934,corona
127.82945713513284,-38.730996615138196,corona
151.1482085770717,54.30733435070742,corona
76.24899023428637,-68.84769644450972,corona
171.45507496913524,-1.4051639713152895,corona
219.2169045978696,65.20056342683766,corona
65.50995611336924,-4.088086934304783,corona
257.59008441338244,7.072475662994535,corona
21.935086940430466,-45.49535575185106,corona
280.482699392013,-14.54868573962851,corona
130.28706789805068,-37.45360568574564,corona
109.90745160859943,-14.78570266270853,corona
127.01037201163366,-29.049012915285125,corona
171.39455589981358,-14.326110114716556,corona
90.47256310402145,-4.709154472494049,corona
64.76549964241941,-5.313242901182932,corona
35.32205874906642,10.87283969802256,corona
289.7860206807573,79.91401447453471,corona
25.440357266367684,13.878357111732612,corona
107.7577926949939,58.31872608108985,corona
203.8165947901336,39.96924188565727,corona
352.1603360653732,4.984737991761321,corona
260.3578509267133,16.15772457329099,corona
274.35855118892727,64.29245396072169,corona
108.23976215513281,-4.076601724159161,corona
253.94410765017054,-10.043311455371466,corona
333.1218582760223,-5.403784031769035,corona
319.11880873999723,51.08540945540251,corona
223.0941710870051,-14.67369324726699,corona
209.70944669859665,26.38634167076664,corona
10.713577270677202,14.366888124617006,corona
145.0144287788375,-35.129926090315344,corona
56.63357012130239,-37.961389468794096,corona
95.84861007936685,56.461984791579155,corona
100.73299183077954,69.96916375615346,corona
99.88543623199713,59.54575597111345,corona
41.45692584730773,-60.75303428274371,corona
22.564207807717704,-36.04446502309064,corona
129.92555850813395,-26.15527937017658,corona
48.998670630216004,-6.304273275022439,corona
84.18545784087578,18.58558021812216,corona
331.306382635513,-5.136015153749014,corona
329.1955188120814,-5.101134309657823,corona
48.47792745363101,13.640904262330324,corona
19.26879487020971,43.542023878317295,corona
62.907024902278316,-69.30766166812026,corona
311.574339715064,29.449721402891072,corona
291.43914210518363,13.131948990916428,corona
116.71102631503973,-66.67645647277457,corona
24.21896571996659,20.089315775039125,corona
237.99797597628822,-26.04649398266986,corona
81.44449568028386,21.91707178309673,corona
356.8985740758874,6.053945765422483,corona
130.26872074071366,60.99900239146355,corona
162.4656492194367,-16.75025131395745,corona
257.0006965362553,30.737959159130924,corona
84.91054525449668,-46.19960826708036,corona
337.7954874991206,65.22257022494354,corona
56.7584150936477,-14.800837856169856,corona
99.36332547762092,61.561632068770834,corona
171.33326857600676,-16.240780567837206,corona
5.024522585371401,-38.26121254533529,corona
111.84509565193171,14.30382504880194,corona
290.3476105550164,-53.09085151576009,corona
358.88679901229403,-67.94170271447408,corona
136.1388129867142,-33.97949156677506,corona
104.73406594818118,-5.041530901407242,corona
108.54902609046763,60.06664785934048,corona
272.8862753693984,68.77901644784437,corona
125.4586857407259,-28.515472629725757,corona
212.4807928711649,-13.85702675608615,corona
22.393482301801356,-8.621569144600599,corona
50.360832647302786,-36.307392190354335,corona
136.77638539258783,-32.96781007245089,corona
113.25576429641201,-48.467604777702974,corona
327.4000762031565,-44.06686219943643,corona
97.31437843255135,60.324911634894804,corona
86.27845444755391,-46.3418934596788,corona
356.5362718325459,-1.258330889032095,corona
38.25325176609391,16.935023259586828,corona
312.5063721891376,8.25894392961581,corona
143.3913030601728,-32.929283985636374,corona
255.0618024496979,62.32937898150131,corona
9.813777811786222,-7.268790827380329,corona
98.32621502967856,22.90681455292298,corona
41.52848979526258,-62.10200800981637,corona
312.2076405361208,8.084083102099441,corona
257.67229755951024,38.271359076367645,corona
336.70366509137085,-14.658494300533938,corona
171.0297100526348,-13.74914686840848,corona
139.65624684178792,-33.199122851223215,corona
298.61973494625846,-0.8379275908147719,corona
151.8302529142809,-4.60478178281312,corona
7.7583222524757725,-8.446464758729604,corona
299.5009047603891,-0.5272047381999556,corona
28.72399285566841,-45.43917887713198,corona
16.4432628386778,42.01820850382353,corona
322.93654102897875,62.24108445371205,corona
47.033343722875316,8.515018901759547,corona
210.50749413905686,-28.390868940285856,corona
204.29446627477625,26.943645875511876,corona
204.27502172576496,49.2132426148431,corona
354.81869708284995,-65.92100205675723,corona
140.3459266881062,-28.565200269066978,corona
47.594908677388,18.418157017154527,corona
34.90012821656708,-14.459675269950175,corona
318.1943484184096,29.005326397224664,corona
139.9649180275989,-27.004898937034397,corona
38.3236959380164,19.548728965835352,corona
4.950781578606156,-4.039020013480041,corona
125.4586857407259,-28.515472629725757,corona
246.36692518844347,-13.972064778673001,corona
142.53945629878206,-36.498114985437134,corona
179.2648167424432,-4.664772973324503,corona
354.57269402742634,-0.9050876877368523,corona
162.4656492194367,-16.75025131395745,corona
16.807141568586523,26.823555450862116,corona
44.13037678123162,5.542343347964177,corona
139.65624684178792,-33.199122851223215,corona
350.33597941357755,4.409582310742735,corona
14.074569961003322,14.026460480264731,corona
208.6408698440588,26.68500080427647,corona
227.71975642502653,-11.17445730019275,corona
356.5362718325459,-1.258330889032095,corona
246.355410112068,29.70539984086419,corona
39.197684907802945,10.57407184741065,corona
129.40734678912122,62.76716232727084,corona
39.045399883954445,18.73007614794099,corona
25.82724334829462,-48.23192290101727,corona
82.56605063762123,22.212262700390852,corona
45.64352415717149,17.677381314371587,corona
253.3593691264156,-14.856885198579882,corona
68.18089489839011,-33.86842683236412,corona
62.26133131295537,-5.1601943739438525,corona
201.53491633666928,-32.64245219307808,corona
334.56462178986936,64.45290620648588,corona
78.00450769249328,-43.84249785026071,corona
43.89744933665429,8.112087150586177,corona
94.35143128506648,9.71285215887346,corona
127.58432970960517,-29.98095196641438,corona
47.00116283193786,8.303211639170314,corona
282.39273172074485,68.39709277066633,corona
224.67984635553097,2.170670810003344,corona
295.53652957303916,54.95095341820199,corona
219.9741194385387,-5.295401104294854,corona
21.731687386779722,78.35236968439203,corona
51.10936214625302,-28.888844230249383,corona
139.17932177299326,-40.457620692919036,corona
171.8705044777117,45.61054453004856,corona
152.61919449752853,16.20206588838046,corona
64.91409952044079,-4.668992691949484,corona
356.97389887455637,5.09915763356382,corona
80.32917373797984,-4.813258982235979,corona
63.40190080953872,17.68862843563771,corona
163.091548510665,-16.125685404167527,corona
265.2755845377695,-41.86340594338187,corona
46.13026590483605,-7.879980248118272,corona
303.2501086958888,-0.2283335090106533,corona
351.23468253521554,0.6654331651709953,corona
42.62075592362954,12.639274657477088,corona
356.3618546730539,-4.568215063652417,corona
315.1136656796063,75.08641950373605,corona
173.75938737868267,-22.21299463675205,corona
53.004150278287554,-13.739889127518758,corona
56.29410568841076,-39.50734668420061,corona
125.742689788537,-35.16898386690857,corona
114.25919761851905,-49.80336195333372,corona
289.7860206807573,79.91401447453471,corona
77.28647322245202,-42.830607806574704,corona
300.3857972607122,2.864322133977609,corona
271.0966507842138,77.25783851923997,corona
305.05961106966373,31.201780614050634,corona
124.2503914871126,-30.585945703813856,corona
348.0202324716137,11.196358594090228,corona
177.45171048605536,-4.57888343327275,corona
128.91795643570055,-39.92130632730153,corona
127.95405686992605,64.97436761747598,corona
85.4882263257813,-4.257087671528893,corona
255.35330335788788,8.189622333641225,corona
345.92384988724905,-14.398702650218702,corona
266.9255741315893,7.285228946104738,corona
48.63315513192261,-4.8985445526521545,corona
269.76700935207714,77.06278805279992,corona
291.4737600092359,-50.70168756834357,corona
251.72183481317484,-14.027717798144828,corona
21.301134244921887,4.472709763004488,corona
54.419758867902104,-46.658925167698555,corona
43.358823080080285,-4.500360212803798,corona
90.95813541874986,62.59101888919143,corona
299.4725001644128,55.60395561873203,corona
87.71525612417908,-68.74452177360328,corona
152.1505121980941,15.179450306981337,corona
42.88135152345258,17.011394559919523,corona
40.438577921148166,13.243432097057038,corona
208.0140189981224,76.22336678864671,corona
55.37140439347027,-47.17825508932738,corona
42.17561090804147,-5.132167596131396,corona
274.99747772120367,-5.0404959741565705,corona
121.19212984717231,-33.99267833294934,corona
292.74425682429853,-4.087510323933458,corona
227.17292189467628,11.090129788404496,corona
153.91539653614723,-35.32295036890308,corona
125.59171568510197,-14.740158234222534,corona
206.80578481682022,65.94203018404814,corona
275.5898114102958,-13.56052656704712,corona
51.90599614534258,-4.213861518171967,corona
143.07380113159616,-4.753733508332829,corona
149.67406494626405,18.715111573362876,corona
209.35142511208983,-4.1319498171860545,corona
125.9455967066431,-34.99907197693029,corona
7.0240388216305405,47.061794950457966,corona
56.7584150936477,-14.800837856169856,corona
212.08765652007787,-14.255727136423467,corona
177.5554953487213,-4.630231373764957,corona
282.11416676589954,-45.776972943579175,corona
51.15540890824883,10.95583814195281,corona
34.00081587886045,-10.014035506335347,corona
7.664253895679784,-1.4937762943530117,corona
242.21700240571573,-6.898834161050786,corona
171.39455589981358,-14.326110114716556,corona
149.67406494626405,18.715111573362876,corona
283.95929332547473,62.09777174285382,corona
188.90437271787147,-13.704026786559751,corona
97.03097957647125,-4.198483157051214,corona
41.119324838229474,7.712109345362563,corona
224.7465043969853,-13.783163987431607,corona
319.4937930483933,37.17144408988648,corona
218.80517201709657,-14.417693002754689,corona
262.3564585206888,62.80758257989943,corona
336.0861221121225,65.33943839978069,corona
79.79179944400816,15.977237766087441,corona
256.5462671805953,7.267393911341415,corona
139.54260435319293,70.99296708920123,corona
117.81481784617519,16.12402268299276,corona
108.54902609046763,60.06664785934048,corona
224.7465043969853,-13.783163987431607,corona
48.204015911657436,14.475702489810558,corona
305.74539477236226,79.84892986847531,corona
136.1388129867142,-33.97949156677506,corona
298.0574190764102,-1.4675774084738578,corona
259.80654120418603,31.72150939638732,corona
238.7558152296674,26.071908412139805,corona
155.22689462436847,52.94194469176446,corona
98.91128755400392,25.80985054526242,corona
84.18545784087578,18.58558021812216,corona
70.52371818443225,-43.573016041192275,corona
125.18127131306899,19.27756436346351,corona
111.84509565193171,14.30382504880194,corona
257.29116224855443,-8.218068236708206,corona
79.578804073362,21.775625049526667,corona
353.81859201133074,-66.66774090629706,corona
135.32679336956372,-4.013410655616056,corona
35.72834441514574,18.13009710803034,corona
349.85621673637405,-4.198642355311705,corona
279.87108403135096,-46.12218078373195,corona
285.71343038976113,-4.7021718562141785,corona
19.26879487020971,43.542023878317295,corona
90.95813541874986,62.59101888919143,corona
47.7062164883352,13.549544353272907,corona
51.8016797581556,-28.174747000164963,corona
135.00821199329636,19.189644599579637,corona
142.9781919591137,-33.90864354657192,corona
81.54833857341657,60.51539655446355,corona
33.66004328334268,-27.329131736080605,corona
263.98995988304034,-46.34116942054727,corona
4.957409189291831,-5.318736852196523,corona
275.1820553691879,78.41833118103419,corona
205.80525205351597,-4.462628096636934,corona
127.82945713513284,-38.730996615138196,corona
141.16674747053196,-36.30302745164858,corona
242.1753686030691,-4.218838127437635,corona
227.1895941102569,14.744059571846478,corona
230.476433775091,-4.645718619517922,corona
59.56045056090279,-68.87776656060637,corona
19.26879487020971,43.542023878317295,corona
205.791717037511,48.474399520684145,corona
171.33326857600676,-16.240780567837206,corona
300.70191279852946,77.65402592458925,corona
297.56217341946126,-48.664683965188416,corona
32.69560320715311,-11.240232519141877,corona
95.08409984109538,-29.911270670956092,corona
292.9783526427049,55.57729734891403,corona
190.3136757293247,-14.6422662263477,corona
239.3760162884961,29.170247174301423,corona
125.30721693276708,18.568269681206772,corona
24.27064793591685,-4.842720877567501,corona
322.8534653976901,58.16603184818307,corona
18.548032845527572,42.790313167168335,corona
328.7811665824761,66.19392209848606,corona
346.98527781393716,-67.65275810592402,corona
298.49734766734184,-37.045395565966,corona
204.012645412607,76.32744169264554,corona
300.52106891281096,-4.027070148333365,corona
21.10142523600359,-45.80452814364828,corona
154.25620595702443,24.82124337446602,corona
264.36389951284946,-14.80815682427771,corona
308.99746545806727,-4.6232767191021935,corona
120.6540636201091,-4.221782601227304,corona
96.84922546422673,52.33947916326805,corona
251.73652683520976,65.55110564489952,corona
130.28706789805068,-37.45360568574564,corona
23.48384330768799,13.153091049605393,corona
197.69711700076,63.42240892085515,corona
3.441625531180549,-5.0847514106071685,corona
297.13313234981393,77.77504092613539,corona
134.55778098052852,21.13872440805946,corona
101.65158033008241,-73.14356257115261,corona
340.12320351582133,-14.356107336125085,corona
154.0861169222262,53.11700010262494,corona
282.24388550370975,68.8047415596261,corona
46.934622680436156,34.01310206243086,corona
350.06816940239287,-5.046421808914005,corona
124.09893963575057,-14.649422159101526,corona
281.7637853986448,76.39952862936654,corona
5.075387823204252,-34.539709439764316,corona
194.32655438147484,-27.38088514226054,corona
300.81216720079453,-25.893158011352774,corona
269.371924536993,47.70118042620085,corona
87.14771014700518,-68.28031322478827,corona
39.045399883954445,18.73007614794099,corona
117.06341944420329,-5.200235750179999,corona
254.51530718819038,-7.969504987836558,corona
47.14423091607049,-15.545853990954825,corona
235.0907148883572,-6.307875813856242,corona
49.31348200770225,-9.100001286155518,corona
112.69726552530975,-14.365545078747822,corona
23.796340856721436,4.549120313291212,corona
150.13105204484305,-3.100118034537843,corona
31.68876762790644,-27.179783593987047,corona
83.94853708428391,-5.0428948948336085,corona
301.1557117334926,-1.694451829961011,corona
245.0644910942294,61.26084502155295,corona
83.94853708428391,-5.0428948948336085,corona
194.7328407595529,-27.128423342844854,corona
50.35629299240085,-45.52755323696948,corona
7.0240388216305405,47.061794950457966,corona
19.94353245023025,-10.583556193343007,corona
269.76700935207714,77.06278805279992,corona
288.53688768585823,-4.714238545050989,corona
305.5441122270983,-14.617942733392574,corona
306.1959617920787,-45.906379686413345,corona
128.09806921248787,-27.59041449144236,corona
350.87337962696256,5.894657124863116,corona
114.1814144628879,-4.830453816932291,corona
291.4737600092359,-50.70168756834357,corona
270.18246071116636,-14.650735482260956,corona
353.6670146161548,-2.5291817496428166,corona
93.15558787596339,-4.884931905769861,corona
95.08409984109538,-29.911270670956092,corona
209.70944669859665,26.38634167076664,corona
256.36724419849685,8.316443050082015,corona
320.79506311059004,-14.80742586907369,corona
206.06206700031825,29.87265370459987,corona
334.16218001070933,49.75080865494249,corona
122.11197384492574,-26.55229555308685,corona
84.69061995382489,20.89215236878421,corona
243.20888811974126,-8.373547435495738,corona
246.74414956796028,30.056299810614973,corona
13.906416982332356,39.00956897349154,corona
47.2291506764447,-12.74410048075574,corona
279.81316840293323,-46.090412011885874,corona
117.81481784617519,16.12402268299276,corona
202.76720690826377,-18.301798367690907,corona
6.512018751464512,48.70565409288635,corona
300.3857972607122,2.864322133977609,corona
315.6674151647051,3.9022392694642747,corona
134.8614573977965,70.85899519663583,corona
318.02310454051786,-3.943648533198555,corona
210.78722388954705,-10.807854305913132,corona
13.417486207832534,39.879590910615335,corona
334.21703998908816,-4.3323322809117,corona
130.91494061256282,-14.866293284628227,corona
355.39500897944436,-14.363626739676306,corona
257.728476496577,54.54805599267728,corona
255.6238496308103,64.81754828212944,corona
342.46377048107036,-4.598820802818707,corona
66.02153131832272,14.500128026471685,corona
103.72576366813253,-14.292410693393457,corona
130.26872074071366,60.99900239146355,corona
57.71139169831714,-15.340378399606195,corona
217.16225198144386,37.95275978425988,corona
305.97329090659224,30.641780328237516,corona
305.74539477236226,79.84892986847531,corona
43.439821641025326,4.283784845375564,corona
44.76918344325256,13.831355512061421,corona
256.4748192029668,52.57456995803693,corona
201.7847487361252,22.177144701719854,corona
27.899713182898143,-47.51165095661508,corona
154.85934470720707,18.588249470112984,corona
205.47879705135247,48.07068801731842,corona
20.745955177506826,6.63478030302845,corona
83.73022878955527,-72.33603594705134,corona
327.4000762031565,-44.06686219943643,corona
135.8646099187668,-4.829605912206944,corona
23.796340856721436,4.549120313291212,corona
249.9443213485949,66.83550606054955,corona
216.08851734819322,36.484381619627655,corona
71.54029687534681,-40.030584008920265,corona
75.23993694703012,-44.458634585285154,corona
322.93654102897875,62.24108445371205,corona
28.634635450404655,-45.004526871533955,corona
264.203298431961,-45.58875788498774,corona
64.61953129039533,-70.87130687466303,corona
279.1355841986307,2.8815292152379186,corona
9.096431337228452,10.20566361748591,corona
196.39293440373933,-19.62804358833138,corona
37.690576914817754,12.060928525156982,corona
126.73462798176449,-29.917974429754118,corona
292.9783526427049,55.57729734891403,corona
274.35855118892727,64.29245396072169,corona
47.94943042673123,8.420198744925102,corona
101.65846339802681,70.02156846318401,corona
347.33426893288424,-17.171515721537,corona
80.74491484802607,-4.148412342626926,corona
33.57173345625236,-7.639194637426002,corona
136.6210272804385,22.552772189706104,corona
142.67244521505947,-4.0291427983353145,corona
282.39273172074485,68.39709277066633,corona
281.0752791628868,66.8520843715233,corona
224.43880975300905,44.667204011809105,corona
32.14543731410152,-11.708235228256576,corona
181.6039228159054,-13.757132112863587,corona
75.76511847666387,-41.410155035413915,corona
323.716295005488,64.80129859380843,corona
310.7586602781294,28.059455801525957,corona
47.26635518390166,17.761917107492394,corona
136.09515838591994,-0.02629421900012119,corona
10.56050131837584,12.97736210736798,corona
28.051568383006842,76.15045954489916,corona
277.6912652434364,-37.86634804578579,corona
38.54988097982431,-14.436982403327399,corona
21.82501339882773,43.124993781805415,corona
212.70181086006014,-20.840226926820804,corona
81.70527823744665,42.119383394123844,corona
276.2525268879216,77.17216041076132,corona
213.39706242977596,-6.335387143885242,corona
134.555043080007,-31.161621854260346,corona
244.97782885518365,-3.960579853164262,corona
259.80654120418603,31.72150939638732,corona
355.39500897944436,-14.363626739676306,corona
121.19212984717231,-33.99267833294934,corona
167.83061309336864,-55.39940736271859,corona
291.92941607691137,-52.800335242489254,corona
44.10681380736102,7.792650667888651,corona
80.05649374746038,-68.06424944662452,corona
72.5505298946804,12.80437532791737,corona
258.8930491661166,-32.75862509415077,corona
81.98501671280002,-61.051591971742155,corona
168.23564852309144,-19.201535794615005,corona
136.77638539258783,-32.96781007245089,corona
246.44329771699012,-5.359897884344704,corona
342.7063776453635,-5.503135656637383,corona
136.96827607471843,-31.905611534731328,corona
257.46780547433434,64.00767367087401,corona
244.95718852494235,-7.726222362321636,corona
37.5679915778737,30.50446995708309,corona
216.08851734819322,36.484381619627655,corona
256.5462671805953,7.267393911341415,corona
83.78661599185409,-68.10243021647699,corona
354.6270399022192,6.007145127654439,corona
251.4797972160577,-10.106668043523229,corona
337.51384890192134,65.35606654006507,corona
255.6238496308103,64.81754828212944,corona
248.5205837866083,-4.916266531456415,corona
83.89791151128127,18.76961386928332,corona
343.6935819515757,16.054833827281755,corona
355.3861989294557,-66.57880989731585,corona
305.05961106966373,31.201780614050634,corona
106.55799484769732,57.291142451093734,corona
194.79850410318392,-14.142284090278956,corona
349.7536757509759,-70.21316981251897,corona
14.799916118472607,13.594375783035389,corona
227.1895941102569,14.744059571846478,corona
357.2203591243093,-0.8211570108633737,corona
117.81481784617519,16.12402268299276,corona
31.68876762790644,-27.179783593987047,corona
32.330682425084014,15.85327632956458,corona
51.15540890824883,10.95583814195281,corona
57.71139169831714,-15.340378399606195,corona
135.9468841985866,-35.68312799220733,corona
18.144994997900096,-16.305226666837235,corona
244.97782885518365,-3.960579853164262,corona
50.360832647302786,-36.307392190354335,corona
351.6455619469562,3.31055020775527,corona
254.8305606143881,-8.436833170187043,corona
261.6753317228542,18.055235850908645,corona
63.78342698375824,-70.62944957018166,corona
125.71215291306058,-26.626750438876115,corona
175.2039666168815,-21.306919000765973,corona
163.04356670743152,-4.569328141464425,corona
123.4873016631909,-24.825487371217598,corona
117.02169975121038,-68.19017239952629,corona
48.115224271667515,-8.686228238705326,corona
154.0861169222262,53.11700010262494,corona
155.92594129263202,-14.461674030572262,corona
82.17821501871686,-14.016562457486053,corona
323.716295005488,64.80129859380843,corona
122.69729948468607,-35.487132749887486,corona
136.1388129867142,-33.97949156677506,corona
302.2049606372131,2.964376669495678,corona
127.75945855651577,-34.268063772720836,corona
256.71701283653294,-8.537457540747994,corona
130.1351072643466,-13.692423613490497,corona
284.7253938044334,-47.36075575108951,corona
301.40895530264794,-44.814302997363676,corona
56.63357012130239,-37.961389468794096,corona
48.998670630216004,-6.304273275022439,corona
113.49167810965562,-13.980607678572085,corona
325.4857985495184,-4.363087444312455,corona
272.7123992171233,3.93710087998204,corona
242.08747122595682,30.312083856894347,corona
327.1862050436248,-42.74492172665661,corona
229.9558746889482,43.95563738853883,corona
9.689510627880813,14.176416639815798,corona
292.9783526427049,55.57729734891403,corona
303.2501086958888,-0.2283335090106533,corona
218.4664310473228,-14.770946921731692,corona
338.9157556121996,14.056961348008826,corona
81.44449568028386,21.91707178309673,corona
272.8020792215553,62.6290669507775,corona
280.0549910153904,-39.35147865017329,corona
108.11827475927618,60.69638608033095,corona
255.6084700016869,36.42583965213851,corona
197.0716026247417,63.41822935732158,corona
166.38974044074544,-12.73873201780603,corona
37.488174723428685,18.405355182253572,corona
205.6274577067553,64.80166159011286,corona
52.50448724252281,-4.273069992609166,corona
21.43399534890895,-48.974040883730126,corona
168.06132147247467,-13.764788282367526,corona
154.25620595702443,24.82124337446602,corona
12.738913022369635,-13.89234862062635,corona
25.624935847485887,-45.79761495792849,corona
86.00880325988828,-14.427549519229508,corona
113.26587531658393,-3.853961350084802,corona
342.23090878545975,26.081598002757772,corona
156.64483083406378,-4.228046517840511,corona
212.7573557346008,74.53408884739723,corona
5.563126886080066,11.00349520354834,corona
275.50412511897093,-40.824299992075304,corona
106.04728208512425,57.828380335002365,corona
127.95405686992605,64.97436761747598,corona
133.07749725480102,-35.23371087978927,corona
310.2874101998869,-13.871156878779338,corona
144.72181515737552,-36.45587257249348,corona
312.87024982011735,74.65003626774232,corona
136.769525303291,-31.13343865680897,corona
128.98663946626073,66.19265682407722,corona
252.29334671977395,65.00525180800851,corona
118.70238521898766,-4.085852127780527,corona
109.10714803616034,-14.189816258405095,corona
37.488174723428685,18.405355182253572,corona
18.548032845527572,42.790313167168335,corona
283.27458546124467,67.42276240597742,corona
42.42185199972773,8.469695337024888,corona
277.6912652434364,-37.86634804578579,corona
280.7814455730842,-46.14419491812357,corona
69.2754037131726,-34.131510409150394,corona
284.2593675113109,-47.65588431536996,corona
92.28532005177033,63.58462512978211,corona
43.776153905422284,7.841996909868428,corona
85.95377824821732,-68.37839467862379,corona
353.9168631217169,-1.6092401670204879,corona
262.4199998452816,7.608281058210096,corona
258.22452464794503,-32.06122619036252,corona
61.00236067294188,-70.51247635781796,corona
35.49778420412073,-14.468746041964884,corona
256.12703710286706,-4.853239703646935,corona
160.89736672039533,-14.07251210668656,corona
151.60005119854722,22.820853655227197,corona
46.43465706755955,-4.617661394228747,corona
109.80941488874885,-4.171377648808175,corona
70.0997592921211,-40.90733132424714,corona
73.369118746656,-40.71094850154992,corona
29.80540672185891,32.65852178637415,corona
51.8016797581556,-28.174747000164963,corona
33.882265848223554,-10.710305845532197,corona
141.40392933476699,-27.723326140995603,corona
71.54029687534681,-40.030584008920265,corona
200.1329731846622,-18.428912564736862,corona
245.72265331391475,-13.499620128992923,corona
262.96774957483245,64.8240905243597,corona
242.47025911749407,-8.655945078178163,corona
241.68239460553568,29.61722130501289,corona
265.2755845377695,-41.86340594338187,corona
243.57037180478878,10.362025891509063,corona
281.14107723622385,61.74618291249827,corona
289.7860206807573,79.91401447453471,corona
39.932990959055225,-14.206301201545315,corona
49.961753739035686,-28.068229603950257,corona
151.57843912508818,21.327400730360083,corona
42.32940457504683,-13.508057964596858,corona
295.7435990297655,-4.4244447259816155,corona
124.05260676662745,-31.779202760058347,corona
280.99484923163317,-4.779167931817014,corona
124.96891066564878,-35.722526388575275,corona
165.08084127096225,-4.215247946413882,corona
10.967859134378752,12.977985932065621,corona
342.46377048107036,-4.598820802818707,corona
276.85045852153513,69.65286730884752,corona
92.15384636310104,-4.693195686728885,corona
113.26587531658393,-3.853961350084802,corona
276.6840435984404,78.9889902269967,corona
132.2607013390416,-14.65263782473339,corona
34.66547845714717,22.988767724944722,corona
141.6051689121785,70.8368333565126,corona
23.09999183173934,54.15007288938445,corona
169.76131675471976,-4.421307239586042,corona
81.42053207534376,-27.196363409098858,corona
68.27854125955263,9.062822936439147,corona
41.08481235858013,19.7234949004108,corona
241.15563967361578,24.61828416146301,corona
259.14089714318584,-3.5012493163895755,corona
21.82501339882773,43.124993781805415,corona
142.94952672329563,-37.214392169568626,corona
255.19830411077953,7.861515609087391,corona
135.8646099187668,-4.829605912206944,corona
59.73242710318128,-70.08534579744591,corona
218.9211975242322,42.812595502023186,corona
322.10639014466256,64.36450583671395,corona
4.957409189291831,-5.318736852196523,corona
21.874669574793796,33.16807646043175,corona
72.5505298946804,12.80437532791737,corona
83.89791151128127,18.76961386928332,corona
21.731687386779722,78.35236968439203,corona
169.9264135972658,44.913276534565696,corona
114.61020810562833,-4.468354672763269,corona
130.04943914671273,-55.600718069798475,corona
17.34174548315327,-16.20188472010002,corona
142.41481281481322,-36.905905957741794,corona
207.0567480318596,27.345654951452318,corona
138.87726007230884,-29.895422090236707,corona
8.66618014127629,-4.31966475871981,corona
41.52848979526258,-62.10200800981637,corona
348.37833221643297,-68.47895549213496,corona
19.04672928320654,37.84839578530641,corona
286.9354782429065,63.33098776912975,corona
120.31683296802187,-5.299525740943622,corona
331.0792809851691,-14.098779800977255,corona
266.96064736436676,-34.444555856444204,corona
32.45525967824469,16.31650502178917,corona
297.6537728751626,-4.0317409739625845,corona
3.7387355309736314,-4.147172559855591,corona
150.1419745109118,-13.711557337482645,corona
227.1863514796373,16.317301632019408,corona
30.422415069311498,-24.97359403679534,corona
252.81710342881075,-4.331246081244402,corona
22.574772208863106,33.622520043119565,corona
255.0956603367451,38.64670283080281,corona
21.33437108621853,2.7637707006987426,corona
285.6162879369459,-31.565134325303028,corona
3.00514494057385,-14.516714422488924,corona
14.799916118472607,13.594375783035389,corona
282.24388550370975,68.8047415596261,corona
275.1657445949371,-40.128034311063715,corona
205.20236694962838,-46.63540790232855,corona
278.3774427197554,75.6631475234942,corona
6.055198286584814,-0.04251880272322239,corona
90.47256310402145,-4.709154472494049,corona
123.02373440924079,-31.587208751737244,corona
272.7123992171233,3.93710087998204,corona
23.738413644930407,-38.356193632052026,corona
245.72265331391475,-13.499620128992923,corona
168.06132147247467,-13.764788282367526,corona
322.23234677575323,62.04938800574361,corona
68.36876291537935,10.35108888277945,corona
6.055198286584814,-0.04251880272322239,corona
3.00514494057385,-14.516714422488924,corona
168.23564852309144,-19.201535794615005,corona
217.67240444345933,39.580533703373604,corona
90.74166597801435,60.8609460655902,corona
266.177089544605,-14.619715071237223,corona
175.2039666168815,-21.306919000765973,corona
188.06803537674963,-5.4743953495996465,corona
8.937597753278158,9.316530152329932,corona
43.358823080080285,-4.500360212803798,corona
57.35462451556336,18.042908200916784,corona
29.941558427445003,-27.304819010750272,corona
279.6860348181795,-44.4991185290951,corona
325.4687239232568,-14.11023786196695,corona
35.32205874906642,10.87283969802256,corona
7.112331908992721,-36.83376630644319,corona
138.58371979294887,-42.143789569260385,corona
340.12320351582133,-14.356107336125085,corona
356.5362718325459,-1.258330889032095,corona
142.94952672329563,-37.214392169568626,corona
199.71658746797704,48.74065684264917,corona
346.9219789538264,28.337274635134918,corona
358.1132454678616,24.471642228804285,corona
39.6544366311005,10.502429333987351,corona
177.98561679788276,-9.610759772128645,corona
336.70366509137085,-14.658494300533938,corona
254.4319425597949,64.87866642166016,corona
46.89202734981148,18.05679210405205,corona
175.79322967868094,-4.316055889300287,corona
83.35692719072415,20.09250668393726,corona
72.55046309468129,-13.510636477466953,corona
127.13171229606608,-26.573039364924732,corona
299.59347893748986,-27.726917939548663,corona
322.10639014466256,64.36450583671395,corona
88.15062501868566,-9.604014466932426,corona
204.9362174187831,65.70283664660006,corona
218.66962332890932,-5.462194310849199,corona
300.81216720079453,-25.893158011352774,corona
165.08084127096225,-4.215247946413882,corona
92.29654610546018,-13.639694168908449,corona
5.772117766192105,-4.254911749280566,corona
184.73885686148128,-4.456681213648366,corona
150.28503262824316,53.2108866952713,corona
128.21328150733416,-14.620013450102071,corona
101.65846339802681,70.02156846318401,corona
352.9046462817944,0.020202074146723703,corona
47.2291506764447,-12.74410048075574,corona
128.09806921248787,-27.59041449144236,corona
5.772117766192105,-4.254911749280566,corona
207.96254773932552,-4.388924168726476,corona
153.62311598809197,-3.3251886381519142,corona
253.61056047224616,-13.663609666528103,corona
199.82467207924392,28.669073010136998,corona
352.53354116823675,3.364363421608701,corona
198.33417528195264,46.29857303852587,corona
40.93644212319185,-41.85869218323277,corona
255.6238496308103,64.81754828212944,corona
90.06599223245534,-13.751256179124084,corona
80.96330347765011,-26.796600220382203,corona
44.19598345143535,5.47334629905491,corona
302.2049606372131,2.964376669495678,corona
329.1955188120814,-5.101134309657823,corona
93.7869833107153,63.69874706967205,corona
35.518288305568404,26.634634904926358,corona
299.8617724155829,-1.6117319103863679,corona
258.5092823551449,31.96269520274889,corona
214.25225592940274,-4.645757535614933,corona
99.92848438536866,-73.12686870338013,corona
283.5580855752321,-3.806056077736045,corona
73.81959434183598,-43.67692834107264,corona
38.66935547855841,16.33642124161122,corona
249.65719422102012,65.98432763053584,corona
72.55046309468129,-13.510636477466953,corona
3.4381270856703927,-4.708360267796223,corona
21.717142159292038,-48.217965642092565,corona
48.43337281286661,34.65328354352572,corona
324.42651478269346,-5.288820819709002,corona
81.72332910675956,-24.302801745505832,corona
152.8136627564331,18.16242126346262,corona
221.06521269599324,1.971222272793952,corona
127.75945855651577,-34.268063772720836,corona
87.71525612417908,-68.74452177360328,corona
197.0716026247417,63.41822935732158,corona
48.48403104183154,-15.387186865179075,corona
22.307422420830818,43.822357545534885,corona
310.14736889837434,54.34328302285313,corona
266.177089544605,-14.619715071237223,corona
225.24958128962734,-3.8704949275977896,corona
151.8501949737111,-36.55716413479237,corona
174.25832784894268,-23.562738310475133,corona
252.53560296613963,-11.186515524100443,corona
115.42363488331765,-13.758636573364278,corona
62.907024902278316,-69.30766166812026,corona
81.72332910675956,-24.302801745505832,corona
289.3179866540196,-53.80533166044336,corona
220.52222817954396,-14.859144846267455,corona
349.18366655758354,-5.181138115632436,corona
220.52222817954396,-14.859144846267455,corona
17.527138191289488,43.43075072586613,corona
139.65624684178792,-33.199122851223215,corona
20.75895390673567,39.90531136628783,corona
238.88049129685072,-13.850456997072826,corona
165.47293672216088,-55.68041933740085,corona
156.11335411016762,25.593235924933182,corona
115.42363488331765,-13.758636573364278,corona
310.17234174056716,52.26025853147513,corona
255.68929858333033,-13.617261439506628,corona
251.44372345455344,-4.290357213144574,corona
35.32205874906642,10.87283969802256,corona
122.76603436292922,-13.892797728529516,corona
151.60005119854722,22.820853655227197,corona
115.42363488331765,-13.758636573364278,corona
133.97223903499972,-38.863552741321264,corona
259.14089714318584,-3.5012493163895755,corona
77.85521489810027,-4.631933060313344,corona
139.5378056322653,-42.948029282319666,corona
259.8345972682953,-4.860264323308243,corona
126.78796888848439,-31.495546018893407,corona
7.017797417988258,-13.610595893776214,corona
65.46886579791207,-3.8338882429513745,corona
175.79322967868094,-4.316055889300287,corona
346.5003051924263,-68.3574044980779,corona
127.15112373144946,-36.78333460911862,corona
272.71326121897147,77.93553073085378,corona
124.09893963575057,-14.649422159101526,corona
291.9171520178226,13.395847638436237,corona
291.9171520178226,13.395847638436237,corona
169.90385490448043,-18.841711185205213,corona
48.555834629850615,8.639838183796769,corona
77.93257939301289,40.87189384545752,corona
253.9851925479666,-14.021311692508085,corona
315.56449501731356,2.987052750669477,corona
342.7063776453635,-5.503135656637383,corona
324.5208325500087,-14.262791586765516,corona
19.444956669011532,44.39217121556909,corona
30.340301751452404,-10.024628708299403,corona
357.4845641823226,-3.9577763276036393,corona
352.53354116823675,3.364363421608701,corona
22.598692519871552,78.16477102450308,corona
337.51384890192134,65.35606654006507,corona
42.32940457504683,-13.508057964596858,corona
131.73178706257525,-13.587988372389958,corona
209.35142511208983,-4.1319498171860545,corona
356.3618546730539,-4.568215063652417,corona
271.0966507842138,77.25783851923997,corona
77.93426545947916,2.9486679296658878,corona
68.10895680134747,-70.38368677827785,corona
282.54921014362253,76.45623747150331,corona
210.0019924329366,6.298164102383964,corona
42.32940457504683,-13.508057964596858,corona
212.70181086006014,-20.840226926820804,corona
125.20132239276269,-35.097464222140715,corona
324.42651478269346,-5.288820819709002,corona
10.713577270677202,14.366888124617006,corona
327.23727759514895,65.19281252570174,corona
49.98167973454628,15.674965685265065,corona
324.88616256840277,64.64913367969861,corona
103.72576366813253,-14.292410693393457,corona
90.04017625309304,61.54397851594531,corona
85.4882263257813,-4.257087671528893,corona
136.2864194443305,70.06167572244708,corona
125.82103342326731,-30.799626761666744,corona
298.49734766734184,-37.045395565966,corona
185.6804978988041,-4.659589008913059,corona
85.85315240375127,-47.55721337537715,corona
286.86181052605264,62.84569267743662,corona
320.03143344092507,51.365697397521274,corona
201.53491633666928,-32.64245219307808,corona
56.29410568841076,-39.50734668420061,corona
358.1392177942964,3.8188807348985563,corona
301.68920765531254,-13.869789082018237,corona
16.770256034592435,43.059870769697824,corona
154.85934470720707,18.588249470112984,corona
47.14423091607049,-15.545853990954825,corona
15.562343210803183,12.763961285393975,corona
97.03097957647125,-4.198483157051214,corona
297.3319340081466,-48.66438347715499,corona
109.18466163344051,-14.690011805780173,corona
5.962225225976653,-0.5662610616685839,corona
343.7608567928305,-18.269440849760002,corona
276.37228338938496,77.61531668878156,corona
5.517128304975365,49.69850144024707,corona
353.6670146161548,-2.5291817496428166,corona
245.24578603758178,-38.45550983735583,corona
298.0574190764102,-1.4675774084738578,corona
129.56858189966965,61.431241476724594,corona
348.37833221643297,-68.47895549213496,corona
226.43997311131298,-14.012990314406736,corona
156.11335411016762,25.593235924933182,corona
300.70191279852946,77.65402592458925,corona
271.90493296406237,35.48772394841501,corona
326.4020392361302,-5.049123815427038,corona
245.00751363794635,-28.713967275663222,corona
306.8058135623021,53.4019558979017,corona
3.8984212508377807,-14.652128410034678,corona
155.71784360305094,-13.32496836597607,rift
185.46584900985889,-10.466630161729988,rift
128.02141868546795,-19.231578523031516,rift
250.98990239979412,-5.854464132587111,rift
185.73494208903767,-12.414867314958535,rift
225.2486774477715,-13.406757672565995,rift
244.75631928500204,-15.276755505239116,rift
192.17909565114132,43.66134764270333,rift
7.989622060463523,-56.88796789512861,rift
107.30965522672831,-25.63490976368813,rift
190.54130269989264,-8.328379289764868,rift
250.03335733486102,-25.402287143113277,rift
287.2266767693927,25.39291853413826,rift
301.45410557157953,-45.00735168304587,rift
236.14599223068862,-16.92310226042705,rift
73.98243421066235,-10.65600731174382,rift
276.4065357057582,-37.04069570637684,rift
78.38711109025124,-50.63684280206514,rift
140.61374380836543,-11.026269009963258,rift
187.9708864530153,-16.306365316349243,rift
176.96719662010744,-16.636568878747326,rift
152.60827513656776,-31.290067458672098,rift
196.44658756196486,-5.462338307729368,rift
210.48211065344458,-1.620371198746497,rift
1.64271373181615,17.84093357985266,rift
272.2894240955345,-27.516530043831658,rift
234.1333879462711,16.969851794182816,rift
198.69381518902864,-2.6304049673599934,rift
153.03283257881805,-27.09428943583034,rift
89.9612036634526,-58.19598862621168,rift
287.67249625257267,25.862833624666052,rift
257.5298004382604,14.11121612421195,rift
242.28876820442898,-0.9799181515336102,rift
276.6265315954715,22.310845072679186,rift
308.72278662343354,-20.340689479324922,rift
80.20327988204177,-11.2594203431645,rift
160.15348949576685,-27.553089210744304,rift
183.98444932025632,44.95779285838806,rift
80.3168615585589,6.756913453761257,rift
232.61125311281836,21.633067282078017,rift
198.69381518902864,-2.6304049673599934,rift
195.40275222081345,-3.931618593486448,rift
139.6271351583258,-17.934054475914884,rift
96.17126827251494,-53.051917552954805,rift
276.4065357057582,-37.04069570637684,rift
183.68858018501615,-17.095303772793905,rift
229.35577847644225,-9.346628018472714,rift
114.57501934696232,-28.682249127671945,rift
301.45410557157953,-45.00735168304587,rift
175.4128202632075,-18.623909195981966,rift
276.6265315954715,22.310845072679186,rift
183.68858018501615,-17.095303772793905,rift
33.572549728969975,-61.41108067044454,rift
224.8824008007957,-4.986962308041569,rift
116.45611614514456,-11.780996964079257,rift
299.8751831190748,-38.616237187042536,rift
219.16188005213922,-5.662724016453986,rift
80.21871943033963,9.396994144963301,rift
167.21293377878217,-16.907977038489065,rift
185.46584900985889,-10.466630161729988,rift
185.57369555233007,-22.089360813717704,rift
119.07876239816449,-21.26616783956134,rift
306.8127084493409,-44.47992624034907,rift
222.14320757680653,17.662380604297056,rift
229.35577847644225,-9.346628018472714,rift
308.72278662343354,-20.340689479324922,rift
286.5626931846244,-35.79412379619218,rift
149.8051944420515,-31.129863182936802,rift
218.8700677189759,-4.399252960936309,rift
108.04187481566582,-12.922165165505973,rift
309.1773594009408,-14.281888947543692,rift
142.19223490308826,-19.27214681613475,rift
249.86915992142804,14.897357948785782,rift
33.572549728969975,-61.41108067044454,rift
279.8317866521856,-40.48113854165703,rift
118.63451568344479,-27.62119653406591,rift
219.08539029667438,-3.891086307661233,rift
152.60827513656776,-31.290067458672098,rift
287.76259309204244,24.642435788286036,rift
127.89755277956,-58.269337359561675,rift
150.25388014138014,-18.197454566885817,rift
122.71484559079485,-0.16233702125832394,rift
96.17126827251494,-53.051917552954805,rift
257.47414949014484,18.880616593504186,rift
308.72278662343354,-20.340689479324922,rift
182.38831658780754,-12.443581682923579,rift
243.7097596390756,4.724948478103769,rift
188.3197353321,20.500850795933815,rift
242.20493460809203,23.10663396144254,rift
132.33779729285672,-12.744755537763567,rift
242.37360629460483,-14.454200040942439,rift
122.03274475275464,-41.96516809563965,rift
255.47709673033393,16.15136289655304,rift
242.05812486488531,-22.411158923358855,rift
97.64192820732691,-15.738459720324812,rift
33.572549728969975,-61.41108067044454,rift
279.03626591526086,-34.45384674708012,rift
108.04187481566582,-12.922165165505973,rift
224.99783249548676,-8.949803418710971,rift
284.95463920807924,9.698347242243983,rift
75.18443774196159,-52.07071083264346,rift
122.03274475275464,-41.96516809563965,rift
184.07334860516443,-12.415928829301535,rift
222.47876256402526,-14.941911341856148,rift
123.44786395538107,-24.60472118750259,rift
210.52967960849898,10.282389255934675,rift
276.6265315954715,22.310845072679186,rift
281.41356518247056,-40.22065681159741,rift
122.05684183697934,-16.73845518891165,rift
241.74096340184047,-19.413637962010213,rift
304.6390903898514,-9.508526421156098,rift
190.54130269989264,-8.328379289764868,rift
270.5012773668206,-23.343680797363383,rift
248.5668193417619,-15.142936062603567,rift
191.15745113923015,63.4275637392014,ridge
82.05519829761414,0.7807943047697563,ridge
128.73068926903156,25.711467939773215,ridge
170.75066487976935,71.04500763005068,ridge
105.42466373589181,-20.78345489937108,ridge
196.2539905079569,34.85229930605635,ridge
202.07025959797187,68.39874955426357,ridge
184.63224988253396,11.630825411217856,ridge
203.87714290297592,82.34828974513015,ridge
192.4816713493471,41.65922109807714,ridge
90.89029945316015,45.72592204288365,ridge
339.6161113746678,69.2377863974334,ridge
89.2294729821578,52.46303834653769,ridge
223.98505429745316,63.574967760589445,ridge
90.05524189502485,46.33132416718303,ridge
225.6354684715918,67.32278932927203,ridge
6.928902816125796,75.73391186156259,ridge
206.98531482635877,-55.708326224307314,ridge
105.17531789334956,-1.2678311246072695,ridge
332.7434107988107,74.15327915655068,ridge
88.84845407308359,4.111479817125911,ridge
94.2499365477664,-21.26566053332793,ridge
244.68550518776726,46.609194931357706,ridge
315.28194895569095,68.32409347744046,ridge
81.0606276147035,56.73576589111305,ridge
88.34604814572552,-51.70478080813882,ridge
193.33612783969065,70.8797169925164,ridge
337.7036996804849,73.97487086915798,ridge
180.1263992616705,5.615657471725783,ridge
169.6344233527143,49.04362965730557,ridge
217.73178067187325,51.51016827901719,ridge
170.86858428718114,51.8905257461973,ridge
336.0022296245612,74.40857428993517,ridge
81.85657429393399,75.12465215676436,ridge
165.5491598141329,44.07486711494718,ridge
237.99963876375682,68.75555816896694,ridge
150.08575848014,49.91338107760001,ridge
207.6804975399722,59.78414770626533,ridge
249.3681847303013,16.493014489556145,ridge
243.0158500421238,67.08314035017342,ridge
128.73068926903156,25.711467939773215,ridge
203.2874696008713,72.94449093343745,ridge
132.48746498197048,-3.660938850484314,ridge
202.51714436192447,-63.375930975759324,ridge
321.18639580071476,70.1465621228716,ridge
211.2337658069163,59.267128039677104,ridge
336.7827507776662,72.11795734215896,ridge
68.72794498018513,75.48649674114232,ridge
318.2327746129664,69.6658914858413,ridge
56.727084032213014,59.58230434911867,ridge
108.34189799701461,8.222440199880168,ridge
341.44386421390544,68.40583859817501,ridge
208.69244781638344,59.60502422552783,ridge
179.4061217125052,5.969013504563819,ridge
83.63864932360192,55.57206446591228,ridge
208.3455636326987,58.11727757045129,ridge
221.02653791487262,63.93045056742595,ridge
192.82820315996784,42.02481865501231,ridge
217.73178067187325,51.51016827901719,ridge
337.25281475525827,72.21735576330163,ridge
61.17861638375431,58.08772703965873,ridge
207.97495322684637,57.38409429228041,ridge
3.8130139381964034,74.97528767526985,ridge
343.02133238552176,70.38988218337245,ridge
344.7095977120672,76.35948842908122,ridge
351.50601309553923,79.14802680442189,ridge
179.1060553468436,54.72701192212854,ridge
81.85657429393399,75.12465215676436,ridge
244.68550518776726,46.609194931357706,ridge
337.49876961225533,70.67721371762651,ridge
329.3624362073824,73.65284020987777,ridge
88.57156883790059,-51.7420699822692,ridge
337.7036996804849,73.97487086915798,ridge
191.68472232441124,73.02834353469252,ridge
285.2913076802126,-69.12356970295278,ridge
249.8028230960405,16.64475890533413,ridge
88.68245035008603,3.7943262114253997,ridge
283.7242495093942,-69.23619016875597,ridge
27.45830652326004,58.27715133498289,ridge
223.68017806400658,56.83982585916961,ridge
351.50601309553923,79.14802680442189,ridge
158.68889270700927,33.10126072970475,ridge
87.0140691319526,56.759906246895625,ridge
178.10705818962157,73.0665560284633,ridge
201.4750914355793,78.19875878699717,ridge
74.88639222943269,74.30698102619378,ridge
343.02133238552176,70.38988218337245,ridge
132.48746498197048,-3.660938850484314,ridge
22.699356494507622,-42.8589854959143,ridge
6.672363877957866,62.5188434319238,ridge
344.7095977120672,76.35948842908122,ridge
184.16725823573404,66.2555622505483,ridge
324.4705085947931,73.74307687966656,ridge
332.6195655539536,74.94805034675186,ridge
75.55426831131348,81.35651018683332,ridge
6.672363877957866,62.5188434319238,ridge
324.6951583666856,78.09905016140691,ridge
287.4198236229123,-68.85434076216195,ridge
287.4198236229123,-68.85434076216195,ridge
176.35503554382225,50.99560076646779,ridge
176.35503554382225,50.99560076646779,ridge
217.58405602196868,51.45625220214096,ridge
298.2638955660955,-66.32613669225908,ridge
232.28314632166817,66.80508514211861,ridge
226.1305453574625,52.03290421432611,ridge
77.50379138836401,-56.54007692423892,ridge
203.35226612959093,81.53096228521646,ridge
260.093196222633,75.31290025015626,ridge
72.20084655206658,18.627119928292785,ridge
27.0671616187707,58.54464965022795,ridge
23.826205764443884,-43.74253973808132,ridge
338.41599925935486,74.81018363138305,ridge
76.73064144772087,77.64966445377247,ridge
14.019512361670955,78.07442722553115,ridge
156.61820298810233,38.8284750094067,ridge
169.89173340739765,71.98391259543929,ridge
194.28189209717368,78.83999550650698,ridge
57.076039486496164,59.08722187261169,ridge
243.44102150916626,52.14390676548655,ridge
287.4198236229123,-68.85434076216195,ridge
207.09141279432382,61.75898614043693,ridge
14.33327443351429,78.355027115059,ridge
191.80782832325784,73.30397571736368,ridge
58.81218191171126,58.653736082665645,ridge
301.4717311333478,39.162360546722866,ridge
99.06017708545426,3.1683751450854913,ridge
88.34604814572552,-51.70478080813882,ridge
168.30078886283718,47.694855587419056,ridge
14.019512361670955,78.07442722553115,ridge
181.75058981880446,68.31593873342852,ridge
195.09427693018995,37.80163876303028,ridge
337.25281475525827,72.21735576330163,ridge
88.34604814572552,-51.70478080813882,ridge
196.08713468434757,37.553865885544525,ridge
339.34857954303976,69.62016088993074,ridge
202.6994578821546,-63.35560527687129,ridge
297.21504126166997,-65.7650032817543,ridge
191.77539546262528,68.32305498522818,ridge
94.5702603193695,-19.53637590718116,ridge
184.8838364901844,30.76659041932038,ridge
342.1684664137165,74.83038813231703,ridge
350.2361790124528,-45.72045982921097,ridge
220.84862362301988,51.04151878619959,ridge
234.41638621405986,65.78256168253303,ridge
195.58306069006687,77.8985631105222,ridge
202.6994578821546,-63.35560527687129,ridge
157.0440749083988,-18.59617721696266,ridge
178.10705818962157,73.0665560284633,ridge
99.13832365211361,4.843059359466466,ridge
80.11280867313123,78.51663969561231,ridge
179.4061217125052,5.969013504563819,ridge
152.89698765747664,35.7633104861783,ridge
6.928902816125796,75.73391186156259,ridge
315.28194895569095,68.32409347744046,ridge
218.6874991629525,60.14871156720507,ridge
321.5565471710817,60.68678330812416,ridge
181.75058981880446,68.31593873342852,ridge
207.182360326091,54.78730302816113,ridge
168.30078886283718,47.694855587419056,ridge
101.1457227223087,2.6785246659299844,ridge
205.95909509326648,52.40292479052407,ridge
26.02966795571565,78.08035616214794,ridge
320.72345257005645,-12.987755987144972,ridge
186.53129225049972,35.597296472425455,ridge
300.63673951721944,38.36724878517454,ridge
195.58306069006687,77.8985631105222,ridge
206.3809782554227,56.17832408721263,ridge
201.72892018070482,74.40496056264568,ridge
225.2692803970036,54.46863830274495,ridge
279.1042819033213,49.518954656470484,ridge
318.4019499667334,-11.0109795062395,ridge
229.54934936504256,70.05097646131999,ridge
101.86592804389421,6.179557715982554,ridge
350.2361790124528,-45.72045982921097,ridge
253.40190814496705,15.153248987916669,ridge
184.0991586528642,53.66305501725506,ridge
215.5523974213634,57.206910673849606,ridge
349.45955790226856,-46.269495353659806,ridge
217.58558086843686,50.5621688046656,ridge
217.64088418298218,66.34325825461637,ridge
337.10086991772636,70.99370218303115,ridge
318.67754778965303,68.92514520389965,ridge
28.25906560896473,51.453773094857056,ridge
300.36525121140335,46.55583511324386,ridge
10.413551232233793,62.510083478930724,ridge
99.13832365211361,4.843059359466466,ridge
100.53140289737485,2.1853525184828015,ridge
215.50955286840806,67.52111560738153,ridge
192.6200159051757,68.60505073512776,ridge
7.614409535773697,61.44027439354896,ridge
77.11637317632572,74.1664078502318,ridge
215.72418138518904,53.343240609221,ridge
219.8769588111985,49.22255512772105,ridge
320.84614994458053,69.72902104739056,ridge
300.36525121140335,46.55583511324386,ridge
214.7063007101693,69.75374262842028,ridge
172.19183231654208,80.09176063628551,ridge
339.6083951956111,74.00526438975523,ridge
133.2865177933115,-3.4697424866117075,ridge
337.4687912935563,72.79018653226431,ridge
138.95248926133556,42.460828464179954,ridge
216.66938934805796,67.84658683333957,ridge
320.17775400218807,72.02152233001131,ridge
229.54934936504256,70.05097646131999,ridge
320.17775400218807,72.02152233001131,ridge
82.05519829761414,0.7807943047697563,ridge
223.28466813788233,57.56654727838831,ridge
206.48343908599767,77.71157616687417,ridge
23.826205764443884,-43.74253973808132,ridge
107.19204734718697,8.520807922608853,ridge
185.0883489524401,65.73213489988326,ridge
191.1356639317134,65.34811884401391,ridge
211.21144326341252,46.942520685367555,ridge
158.5752394836209,26.602008417886637,ridge
202.78001204772855,75.00435380812782,ridge
179.27861226144424,1.6350651956495454,ridge
226.35383044893803,67.7223019223891,ridge
210.11796536340077,71.00277675927727,ridge
177.95990734525046,14.461381071665699,ridge
165.5491598141329,44.07486711494718,ridge
214.29558564333237,70.23283646168103,ridge
254.56091816341055,-46.89942627951454,ridge
331.82744207026684,73.74922901836645,ridge
89.59761835180409,3.907076390851543,ridge
88.57156883790059,-51.7420699822692,ridge
202.0689874214492,67.23866294073837,ridge
337.7036996804849,73.97487086915798,ridge
207.1667823288899,77.61671560229253,ridge
170.75066487976935,71.04500763005068,ridge
207.29632955235442,-56.27778944975732,ridge
272.7991061531481,-71.5230400180953,ridge
301.4717311333478,39.162360546722866,ridge
298.23156949621097,-65.53457828583635,ridge
328.0808053977502,59.37793515600707,ridge
158.5752394836209,26.602008417886637,ridge
342.1684664137165,74.83038813231703,ridge
213.891198513423,62.14271690769145,ridge
324.8496821207493,73.56316621404768,ridge
228.93063428948213,69.5833488296161,ridge
138.95248926133556,42.460828464179954,ridge
228.87527885850025,67.8763386067994,ridge
199.9850360010978,72.05668827048565,ridge
339.6161113746678,69.2377863974334,ridge
313.40057597521985,-6.677774419311703,ridge
193.43866445307071,69.58427872819856,ridge
302.6515428689208,47.25735845048372,ridge
227.6047048086393,47.09812447712525,ridge
170.86858428718114,51.8905257461973,ridge
192.4816713493471,41.65922109807714,ridge
179.304805589297,52.64077511289794,ridge
78.05373681599761,78.41563717278585,ridge
221.08723555185045,51.907612030874816,ridge
178.36200563041004,12.458281151188743,ridge
192.82820315996784,42.02481865501231,ridge
218.6310271678043,50.03367970880434,ridge
172.19183231654208,80.09176063628551,ridge
54.51575549881133,60.18430620389164,ridge
315.59601196259734,67.89189340880448,ridge
102.12973679272017,2.239570415231114,ridge
236.85692618827173,-37.97380979490291,ridge
228.87527885850025,67.8763386067994,ridge
208.3352774442306,44.80496769480611,ridge
188.4157506600355,59.56334516261056,ridge
105.79787313975078,-3.333766354581101,ridge
320.72345257005645,-12.987755987144972,ridge
168.30078886283718,47.694855587419056,ridge
228.89930943924256,70.0253312891967,ridge
170.75066487976935,71.04500763005068,ridge
160.02596754412698,29.44685474208387,ridge
159.63521512836064,77.4969474562376,ridge
107.19204734718697,8.520807922608853,ridge
191.94176784098,67.48915721283352,ridge
215.5523974213634,57.206910673849606,ridge
87.36114830982464,-53.16889481713602,ridge
90.13886458034285,48.16487629205541,ridge
87.0140691319526,56.759906246895625,ridge
336.63769837018674,73.01360426291514,ridge
337.58791079184584,41.92174273811054,ridge
179.56865186662253,54.731835628402436,ridge
229.6835947187957,71.46470625991817,ridge
205.95909509326648,52.40292479052407,ridge
220.9440830012973,50.680744116103696,ridge
185.1804076317903,53.74334173138176,ridge
214.3024946992023,61.642940222927464,ridge
89.59761835180409,3.907076390851543,ridge
304.1533381924077,47.935342677748764,ridge
334.9246515219777,59.09106268695662,ridge
108.34189799701461,8.222440199880168,ridge
290.91023718684744,-68.89490686855711,ridge
283.7242495093942,-69.23619016875597,ridge
99.74815928368874,1.190756932327929,ridge
342.4680288882684,76.18127177949872,ridge
318.2743810981086,-11.229835510325415,ridge
201.72892018070482,74.40496056264568,ridge
317.7216698508135,-10.969483598393253,ridge
224.13926793492533,63.82866530137896,ridge
336.71832851203277,74.69016885688974,ridge
216.50664551911711,54.20425837590578,ridge
207.26357965264762,-56.54103729118468,ridge
169.48842302164215,48.27447682827204,ridge
300.25081456469246,38.40747176072699,ridge
236.98100235495988,66.08150178116288,ridge
170.86858428718114,51.8905257461973,ridge
91.16512811731953,5.221960945314322,ridge
301.4717311333478,39.162360546722866,ridge
192.67533840047707,-42.78469840110381,ridge
348.38974125993224,-48.42830073135963,ridge
214.3024946992023,61.642940222927464,ridge
190.01015408053496,60.83349924553549,ridge
186.53129225049972,35.597296472425455,ridge
172.19183231654208,80.09176063628551,ridge
224.63122668743267,67.81769434716252,ridge
6.672363877957866,62.5188434319238,ridge
212.60366478165733,60.48746738530501,ridge
346.1010712132538,-47.15240116769307,ridge
301.6787573179406,-67.84446561678793,ridge
99.13832365211361,4.843059359466466,ridge
191.42294742356552,66.73320224374685,ridge
214.7063007101693,69.75374262842028,ridge
203.48506270468198,72.47490071076048,ridge
191.42294742356552,66.73320224374685,ridge
75.55426831131348,81.35651018683332,ridge
205.99695692868247,54.80962560063152,ridge
254.56091816341055,-46.89942627951454,ridge
76.73064144772087,77.64966445377247,ridge
179.57786367953074,71.17657778485439,ridge
217.73178067187325,51.51016827901719,ridge
333.69775247187835,74.36096345249656,ridge
279.1042819033213,49.518954656470484,ridge
212.60366478165733,60.48746738530501,ridge
217.02636651059817,54.28860945211399,ridge
79.59328246227108,0.6417473065726966,ridge
191.30506961055883,67.34212413617122,ridge
343.02133238552176,70.38988218337245,ridge
337.49876961225533,70.67721371762651,ridge
213.28717492601479,70.08076732531383,ridge
191.68472232441124,73.02834353469252,ridge
97.40549796561865,4.251640372498883,ridge
237.99963876375682,68.75555816896694,ridge
186.93752997560662,34.82938585903962,ridge
340.09998836659076,69.27201332007361,ridge
318.2743810981086,-11.229835510325415,ridge
207.29632955235442,-56.27778944975732,ridge
337.10086991772636,70.99370218303115,ridge
181.75058981880446,68.31593873342852,ridge
195.09427693018995,37.80163876303028,ridge
160.3299538074859,77.42236245452766,ridge
83.63864932360192,55.57206446591228,ridge
351.411890597725,-48.37589736694636,ridge
319.0700413747477,69.78307075354549,ridge
199.9850360010978,72.05668827048565,ridge
206.1726268228075,54.04112989278721,ridge
165.47103990937302,43.81990269689264,ridge
181.43986959752303,72.31928051782295,ridge
86.04419777232745,4.0057684414306465,ridge
345.92372750996964,-7.003813679722072,ridge
130.22044088176352,86.75350701402806,intraplate
37.87575150300603,89.63927855711424,intraplate
99.91983967935874,-23.266533066132254,intraplate
-85.49098196392785,88.19639278557116,intraplate
-9.739478957915821,-78.09619238476954,intraplate
34.26853707414833,-55.7314629258517,intraplate
-169.8997995991984,15.691382765531074,intraplate
-81.16232464929858,-81.70340681362725,intraplate
102.8056112224449,43.82765531062125,intraplate
6.853707414829671,87.47494989979961,intraplate
11.903807615230477,86.3927855711423,intraplate
15.511022044088179,-77.374749498998,intraplate
51.58316633266534,40.58116232464931,intraplate
-52.304609218436866,20.380761523046104,intraplate
141.76352705410824,64.749498997996,intraplate
-167.01402805611224,17.494989979959925,intraplate
-132.38476953907815,-42.02404809619238,intraplate
89.81963927855713,-83.50701402805612,intraplate
-138.87775551102203,-67.27454909819639,intraplate
42.20440881763528,66.91382765531063,intraplate
29.939879759519044,-18.216432865731463,intraplate
148.9779559118237,-40.94188376753507,intraplate
-3.2464929859719405,52.84569138276555,intraplate
-18.39679358717433,-34.80961923847695,intraplate
-73.94789579158316,-18.937875751503,intraplate
-173.50701402805612,-88.55711422845691,intraplate
-3.2464929859719405,55.37074148296594,intraplate
-154.749498997996,-36.97394789579158,intraplate
94.14829659318639,0.541082164328671,intraplate
-156.91382765531063,12.44488977955912,intraplate
34.26853707414833,-81.70340681362725,intraplate
120.84168336673349,39.85971943887776,intraplate
-29.939879759519016,32.64529058116233,intraplate
-68.1763527054108,31.92384769539079,intraplate
-101.36272545090179,-51.763527054108216,intraplate
-120.12024048096191,-71.60320641282564,intraplate
-57.35470941883767,63.667334669338686,intraplate
101.36272545090185,-85.31062124248497,intraplate
-156.91382765531063,9.198396793587179,intraplate
153.30661322645295,-45.6312625250501,intraplate
-85.49098196392785,-20.020040080160314,intraplate
-21.282565130260508,-59.69939879759519,intraplate
86.2124248496994,-84.9498997995992,intraplate
-164.12825651302606,25.430861723446895,intraplate
-117.95591182364728,16.052104208416836,intraplate
156.91382765531063,-75.21042084168337,intraplate
-68.1763527054108,-20.38076152304609,intraplate
-144.6492985971944,-75.93186372745491,intraplate
-178.55711422845692,-65.11022044088176,intraplate
-93.42685370741482,54.288577154308626,intraplate
-120.12024048096191,-60.060120240480956,intraplate
16.23246492985973,-86.75350701402806,intraplate
75.39078156312627,67.99599198396794,intraplate
177.11422845691385,60.420841683366746,intraplate
-63.126252505010015,-88.19639278557115,intraplate
70.34068136272546,-80.26052104208416,intraplate
-128.77755511022045,-29.398797595190373,intraplate
-112.90581162324649,-33.727454909819635,intraplate
90.54108216432866,36.252505010020045,intraplate
-94.86973947895791,-8.116232464929851,intraplate
20.561122244488985,83.50701402805612,intraplate
128.77755511022048,2.705410821643298,intraplate
2.525050100200417,-79.53907815631263,intraplate
97.75551102204412,39.498997995992,intraplate
-14.789579158316627,-38.056112224448896,intraplate
6.132264529058119,-23.987975951903806,intraplate
102.8056112224449,-62.22444889779559,intraplate
-158.3567134268537,-25.791583166332657,intraplate
-138.87775551102203,-62.58517034068136,intraplate
173.50701402805612,-77.374749498998,intraplate
178.55711422845695,-39.859719438877754,intraplate
-82.60521042084167,9.198396793587179,intraplate
41.48296593186373,58.61723446893788,intraplate
-106.4128256513026,-67.99599198396794,intraplate
-159.07815631262525,-88.55711422845691,intraplate
5.410821643286596,30.4809619238477,intraplate
-58.79759519038075,63.306613226452924,intraplate
-143.92785571142284,-85.31062124248497,intraplate
13.346693386773552,5.951903807615238,intraplate
-117.23446893787575,38.416833667334686,intraplate
-178.55711422845692,-53.2064128256513,intraplate
54.46893787575152,-54.64929859719439,intraplate
-175.67134268537075,-49.59919839679358,intraplate
-10.460921843687373,-38.416833667334664,intraplate
131.66332665330663,40.58116232464931,intraplate
-143.92785571142284,10.280561122244492,intraplate
166.29258517034071,13.527054108216447,intraplate
11.182364729458925,-47.434869739478955,intraplate
-119.39879759519037,-65.47094188376754,intraplate
178.55711422845695,29.398797595190388,intraplate
28.49699398797597,-75.57114228456913,intraplate
-130.94188376753507,-83.50701402805612,intraplate
40.76152304609221,-78.09619238476954,intraplate
-66.01202404809618,-25.791583166332657,intraplate
106.41282565130263,78.8176352705411,intraplate
-24.88977955911824,26.873747494989985,intraplate
7.575150300601223,-19.298597194388776,intraplate
120.84168336673349,35.89178356713428,intraplate
-49.41883767535069,-55.01002004008016,intraplate
-32.10420841683364,88.19639278557116,intraplate
144.6492985971944,39.85971943887776,intraplate
-125.89178356713427,-44.549098196392784,intraplate
-54.46893787575149,-59.69939879759519,intraplate
-30.661322645290568,26.513026052104223,intraplate
74.66933867735472,65.83166332665331,intraplate
-102.08416833667334,-82.06412825651303,intraplate
-26.332665330661314,-76.65330661322645,intraplate
-87.65531062124248,42.74549098196394,intraplate
-39.318637274549076,84.22845691382767,intraplate
146.0921843687375,-9.919839679358716,intraplate
62.404809619238506,31.563126252505015,intraplate
-125.89178356713427,-11.00200400801603,intraplate
9.73947895791585,-77.01402805611222,intraplate
8.296593186372746,-75.93186372745491,intraplate
-168.4569138276553,29.038076152304612,intraplate
-82.60521042084167,-24.348697394789568,intraplate
-110.02004008016031,84.94989979959922,intraplate
-167.01402805611224,10.641282565130268,intraplate
53.026052104208446,51.76352705410824,intraplate
81.16232464929863,49.95991983967937,intraplate
63.12625250501003,6.673346693386776,intraplate
-103.52705410821643,88.91783567134269,intraplate
-28.49699398797594,23.98797595190382,intraplate
110.02004008016036,79.17835671342687,intraplate
-118.67735470941884,-33.366733466933866,intraplate
2.525050100200417,-48.51703406813627,intraplate
87.6553106212425,34.80961923847697,intraplate
60.24048096192388,-81.34268537074148,intraplate
123.00601202404812,49.23847695390782,intraplate
-32.825651302605195,6.673346693386776,intraplate
-136.7134268537074,31.563126252505015,intraplate
-133.1062124248497,-74.12825651302605,intraplate
91.26252505010024,37.33466933867736,intraplate
19.11823647294591,-67.99599198396794,intraplate
-37.875751503006,15.691382765531074,intraplate
58.797595190380775,34.08817635270542,intraplate
79.71943887775552,-34.44889779559118,intraplate
45.81162324649301,27.9559118236473,intraplate
-53.747494989979955,21.462925851703417,intraplate
-34.98997995991982,-69.79959919839679,intraplate
25.61122244488979,-31.20240480961923,intraplate
-28.49699398797594,-56.813627254509015,intraplate
-76.11222444889779,57.174348697394805,intraplate
97.75551102204412,-38.416833667334664,intraplate
-9.01803607214427,-25.430861723446895,intraplate
171.3426853707415,11.002004008016044,intraplate
109.29859719438878,22.184368737474955,intraplate
-88.37675350701402,10.641282565130268,intraplate
-174.9498997995992,-32.64529058116232,intraplate
-97.75551102204408,-57.174348697394784,intraplate
-16.232464929859702,-56.452905811623246,intraplate
119.39879759519039,-61.142284569138276,intraplate
34.26853707414833,2.344689378757522,intraplate
-121.56312625250501,38.056112224448896,intraplate
3.9679358717434923,-45.6312625250501,intraplate
166.29258517034071,16.41282565130261,intraplate
73.94789579158319,-77.73547094188376,intraplate
-5.4108216432865675,34.80961923847697,intraplate
9.73947895791585,24.348697394789582,intraplate
159.07815631262525,-84.22845691382766,intraplate
-3.967935871743464,57.174348697394805,intraplate
161.24248496993988,90.0,intraplate
-144.6492985971944,-84.58917835671343,intraplate
28.49699398797597,-0.18036072144288084,intraplate
133.82765531062125,50.320641282565134,intraplate
122.2845691382766,-48.87775551102204,intraplate
148.25651302605212,59.33867735470943,intraplate
91.26252505010024,-37.33466933867735,intraplate
-82.60521042084167,9.559118236472955,intraplate
179.27855711422848,-45.991983967935866,intraplate
180.0,-49.23847695390781,intraplate
93.42685370741486,-42.745490981963925,intraplate
-156.91382765531063,14.969939879759522,intraplate
-4.689378757515016,65.47094188376755,intraplate
72.50501002004009,29.759519038076164,intraplate
173.50701402805612,-40.58116232464929,intraplate
148.25651302605212,-64.38877755511022,intraplate
9.018036072144298,-65.11022044088176,intraplate
-171.3426853707415,-68.3567134268537,intraplate
62.404809619238506,49.23847695390782,intraplate
-72.50501002004007,-83.14629258517034,intraplate
38.59719438877758,53.567134268537075,intraplate
-126.6132264529058,-89.27855711422846,intraplate
-124.44889779559118,9.559118236472955,intraplate
143.20641282565134,-54.64929859719439,intraplate
-125.89178356713427,33.36673346693388,intraplate
-132.38476953907815,-24.348697394789568,intraplate
99.91983967935874,-84.22845691382766,intraplate
99.91983967935874,47.074148296593194,intraplate
-13.346693386773524,33.72745490981964,intraplate
-32.10420841683364,13.527054108216447,intraplate
23.446893787575164,-87.4749498997996,intraplate
-143.20641282565128,-29.398797595190373,intraplate
55.19038076152307,44.549098196392805,intraplate
-34.2685370741483,-72.68537074148296,intraplate
-46.53306613226451,-89.27855711422846,intraplate
68.89779559118239,35.89178356713428,intraplate
139.5991983967936,37.33466933867736,intraplate
63.12625250501003,23.627254509018044,intraplate
60.24048096192388,-75.93186372745491,intraplate
170.62124248496997,17.8557114228457,intraplate
-46.53306613226451,41.302605210420865,intraplate
-115.07014028056112,-71.60320641282564,intraplate
-94.14829659318637,-79.89979959919839,intraplate
-4.689378757515016,-84.9498997995992,intraplate
-69.6192384769539,-10.280561122244478,intraplate
-76.11222444889779,-60.78156312625251,intraplate
-46.53306613226451,-18.577154308617224,intraplate
9.73947895791585,-42.38476953907815,intraplate
24.88977955911824,27.23446893787576,intraplate
137.43486973947898,-69.79959919839679,intraplate
-23.446893787575135,-31.563126252505008,intraplate
-32.825651302605195,-59.33867735470942,intraplate
168.45691382765534,-27.234468937875747,intraplate
142.48496993987976,32.28456913827657,intraplate
-169.17835671342687,-34.44889779559118,intraplate
68.89779559118239,26.152304609218447,intraplate
29.939879759519044,-71.60320641282564,intraplate
97.75551102204412,-42.38476953907815,intraplate
-123.00601202404809,-0.9018036072144184,intraplate
-68.1763527054108,47.434869739478955,intraplate
-11.182364729458897,-34.80961923847695,intraplate
-107.85571142284569,-67.63527054108216,intraplate
18.396793587174358,-84.58917835671343,intraplate
142.48496993987976,-63.66733466933867,intraplate
136.71342685370746,-84.22845691382766,intraplate
-137.43486973947896,-35.89178356713426,intraplate
7.575150300601223,-47.434869739478955,intraplate
-42.204408817635255,18.216432865731477,intraplate
16.953907815631283,71.24248496993988,intraplate
-115.07014028056112,-80.26052104208416,intraplate
28.49699398797597,85.31062124248498,intraplate
164.1282565130261,-43.46693386773547,intraplate
63.12625250501003,34.08817635270542,intraplate
-128.77755511022045,-24.709418837675344,intraplate
175.67134268537075,-90.0,intraplate
130.9418837675351,-86.75350701402806,intraplate
-89.8196392785571,13.166332665330671,intraplate
-33.54709418837675,-24.709418837675344,intraplate
143.92785571142286,-64.74949899799599,intraplate
-10.460921843687373,16.052104208416836,intraplate
7.575150300601223,-86.39278557114228,intraplate
103.52705410821648,-57.174348697394784,intraplate
156.91382765531063,-51.763527054108216,intraplate
-47.97595190380761,45.99198396793588,intraplate
63.12625250501003,-84.58917835671343,intraplate
1.8036072144288653,84.58917835671343,intraplate
145.37074148296597,-79.53907815631263,intraplate
-33.54709418837675,44.549098196392805,intraplate
137.43486973947898,35.89178356713428,intraplate
18.396793587174358,-63.66733466933867,intraplate
-74.6693386773547,-79.53907815631263,intraplate
-40.04008016032063,-40.22044088176352,intraplate
-126.6132264529058,-56.813627254509015,intraplate
174.2284569138277,24.348697394789582,intraplate
63.12625250501003,36.252505010020045,intraplate
6.132264529058119,-74.12825651302605,intraplate
-20.561122244488956,-51.40280561122244,intraplate
-105.69138276553106,44.90981963927857,intraplate
-32.825651302605195,-35.53106212424849,intraplate
56.63326653306615,-53.567134268537075,intraplate
167.01402805611224,4.869739478957925,intraplate
142.48496993987976,23.26653306613227,intraplate
-79.71943887775551,42.02404809619239,intraplate
-146.81362725450902,16.773547094188388,intraplate
179.27855711422848,-25.430861723446895,intraplate
116.51302605210424,7.394789579158328,intraplate
-115.07014028056112,78.8176352705411,intraplate
-118.67735470941884,-53.92785571142284,intraplate
133.10621242484973,45.27054108216433,intraplate
9.018036072144298,-77.73547094188376,intraplate
37.15430861723448,-88.55711422845691,intraplate
38.59719438877758,-31.20240480961923,intraplate
31.382765531062148,-32.64529058116232,intraplate
11.182364729458925,-25.430861723446895,intraplate
63.12625250501003,-30.841683366733463,intraplate
-175.67134268537075,-47.434869739478955,intraplate
56.63326653306615,9.91983967935873,intraplate
-35.711422845691374,-80.26052104208416,intraplate
89.09819639278561,-31.563126252505008,intraplate
135.99198396793588,-83.14629258517034,intraplate
97.0340681362726,14.60921843687376,intraplate
33.547094188376775,-80.98196392785572,intraplate
32.10420841683367,-81.70340681362725,intraplate
-45.811623246492985,-84.9498997995992,intraplate
24.168336673346715,87.83567134268537,intraplate
128.0561122244489,1.9839679358717461,intraplate
57.3547094188377,24.709418837675358,intraplate
123.00601202404812,83.50701402805612,intraplate
111.4629258517034,36.973947895791596,intraplate
63.84769539078158,44.549098196392805,intraplate
-65.29058116232464,-75.21042084168337,intraplate
-123.00601202404809,0.541082164328671,intraplate
146.81362725450902,-25.430861723446895,intraplate
165.5711422845692,-33.727454909819635,intraplate
-144.6492985971944,-88.55711422845691,intraplate
-119.39879759519037,90.0,intraplate
19.11823647294591,-59.33867735470942,intraplate
44.36873747494991,56.45290581162325,intraplate
163.4068136272545,-69.43887775551102,intraplate
-95.59118236472945,25.070140280561134,intraplate
-44.36873747494988,17.494989979959925,intraplate
167.73547094188382,-28.31663326653306,intraplate
37.87575150300603,-70.8817635270541,intraplate
-52.304609218436866,-31.563126252505008,intraplate
-60.96192384769539,84.94989979959922,intraplate
-27.054108216432866,-33.727454909819635,intraplate
-34.98997995991982,88.55711422845692,intraplate
97.0340681362726,-39.859719438877754,intraplate
6.853707414829671,-86.75350701402806,intraplate
104.248496993988,-90.0,intraplate
1.082164328657342,-89.27855711422846,intraplate
66.73346693386776,-51.763527054108216,intraplate
-69.6192384769539,-17.49498997995991,intraplate
-98.47695390781563,-81.70340681362725,intraplate
75.39078156312627,-34.0881763527054,intraplate
60.9619238476954,50.320641282565134,intraplate
154.02805611222448,67.99599198396794,intraplate
124.44889779559122,53.20641282565131,intraplate
-120.84168336673346,43.82765531062125,intraplate
156.1923847695391,11.723446893787582,intraplate
-45.811623246492985,-73.40681362725451,intraplate
99.91983967935874,-65.47094188376754,intraplate
3.9679358717434923,-47.07414829659319,intraplate
-38.59719438877755,-20.38076152304609,intraplate
166.29258517034071,-31.563126252505008,intraplate
179.27855711422848,39.85971943887776,intraplate
27.054108216432894,-20.38076152304609,intraplate
-0.3607214428857617,-81.70340681362725,intraplate
44.36873747494991,85.67134268537075,intraplate
-19.11823647294588,86.03206412825654,intraplate
-25.611222444889762,-40.58116232464929,intraplate
-47.97595190380761,-77.73547094188376,intraplate
-17.675350701402806,-30.841683366733463,intraplate
120.12024048096197,28.316633266533074,intraplate
22.72545090180361,70.52104208416836,intraplate
-37.15430861723445,22.184368737474955,intraplate
-178.55711422845692,-57.53507014028056,intraplate
141.76352705410824,36.973947895791596,intraplate
16.23246492985973,-77.01402805611222,intraplate
-1.0821643286573135,-43.46693386773547,intraplate
117.95591182364734,87.47494989979961,intraplate
6.132264529058119,25.070140280561134,intraplate
80.4408817635271,31.563126252505015,intraplate
-103.52705410821643,-18.937875751503,intraplate
113.62725450901803,38.77755511022045,intraplate
40.76152304609221,48.87775551102206,intraplate
55.19038076152307,3.4268537074148355,intraplate
112.9058116232465,75.57114228456916,intraplate
140.32064128256513,19.29859719438879,intraplate
-144.6492985971944,-71.96392785571142,intraplate
73.22645290581164,-87.83567134268537,intraplate
169.17835671342687,-82.42484969939879,intraplate
-113.62725450901803,-44.90981963927855,intraplate
-7.575150300601194,-88.19639278557115,intraplate
180.0,37.695390781563134,intraplate
-119.39879759519037,-88.19639278557115,intraplate
119.39879759519039,29.398797595190388,intraplate
-108.57715430861722,-60.42084168336673,intraplate
-51.583166332665314,36.252505010020045,intraplate
178.55711422845695,-64.74949899799599,intraplate
-64.5691382765531,73.04609218436875,intraplate
-125.17034068136272,-61.142284569138276,intraplate
110.74148296593188,46.71342685370743,intraplate
-138.1563126252505,9.198396793587179,intraplate
14.068136272545104,-85.67134268537075,intraplate
174.2284569138277,19.29859719438879,intraplate
71.06212424849701,49.23847695390782,intraplate
-108.57715430861722,-66.19238476953907,intraplate
107.13426853707415,77.01402805611224,intraplate
40.76152304609221,-52.484969939879754,intraplate
-126.6132264529058,-32.64529058116232,intraplate
117.23446893787576,22.184368737474955,intraplate
-102.80561122244488,-76.65330661322645,intraplate
-124.44889779559118,11.002004008016044,intraplate
88.37675350701403,-40.22044088176352,intraplate
-84.04809619238476,88.91783567134269,intraplate
70.34068136272546,56.45290581162325,intraplate
-110.74148296593185,-58.97795591182364,intraplate
-135.99198396793588,-74.12825651302605,intraplate
23.446893787575164,-62.58517034068136,intraplate
34.26853707414833,-74.48897795591182,intraplate
-161.24248496993988,-83.14629258517034,intraplate
55.9118236472946,-57.89579158316633,intraplate
173.50701402805612,29.759519038076164,intraplate
-9.01803607214427,-78.09619238476954,intraplate
129.498997995992,-8.837675350701403,intraplate
-12.625250501002,50.320641282565134,intraplate
-157.63527054108215,34.80961923847697,intraplate
87.6553106212425,-27.95591182364729,intraplate
-98.47695390781563,25.430861723446895,intraplate
-130.22044088176352,37.695390781563134,intraplate
141.76352705410824,33.72745490981964,intraplate
164.1282565130261,-42.02404809619238,intraplate
-115.79158316633266,-69.43887775551102,intraplate
117.95591182364734,87.83567134268537,intraplate
-152.58517034068137,-68.3567134268537,intraplate
-56.63326653306612,-54.28857715430861,intraplate
-20.561122244488956,-74.48897795591182,intraplate
98.47695390781564,14.969939879759522,intraplate
