eventID,magnitude,hour,minute,second,year,month,day,longitude,latitude,depth
0,6.5,5,39,35,1976,3,29,-85.0,3.0,33.0
1,7.0,2,40,27,1976,4,8,63.0,40.0,33.0
2,6.2,2,59,5,1976,4,8,63.0,40.0,33.0
3,7.0,2,58,40,1976,5,17,63.0,40.0,10.0
4,6.9,12,23,18,1976,5,29,98.0,24.0,8.0
5,7.0,14,0,18,1976,5,29,98.0,24.0,10.0
6,6.2,5,8,28,1976,5,31,98.0,24.0,14.0
7,6.3,15,10,45,1976,7,21,98.0,24.0,9.0
8,6.2,2,56,39,1976,7,26,118.0,4.0,33.0
9,6.8,4,19,27,1976,8,17,122.0,7.0,22.0
10,6.5,7,13,15,1976,11,2,77.0,-29.0,33.0
11,6.2,3,29,18,1977,2,5,-82.0,-66.0,33.0
12,5.6,2,15,18,1977,4,11,114.0,-52.0,33.0
13,5.0,6,23,2,1977,7,8,39.0,10.0,38.0
14,5.5,5,49,8,1977,7,14,63.0,40.0,33.0
15,5.1,9,45,14,1977,8,28,8.0,38.0,10.0
16,5.5,20,10,5,1977,8,28,146.0,-1.0,33.0
17,6.7,17,26,40,1977,10,17,173.0,-27.0,33.0
18,5.2,2,22,54,1977,11,3,23.0,42.0,6.0
19,5.8,23,34,34,1977,12,19,56.0,30.0,31.0
20,5.0,14,52,9,1978,1,4,-23.0,85.0,33.0
21,5.5,3,23,26,1978,1,5,-126.0,-20.0,33.0
22,5.0,16,7,14,1978,2,5,-108.0,78.0,33.0
23,6.1,0,42,36,1978,3,24,-67.0,29.0,20.0
24,5.4,6,9,36,1978,4,3,114.0,-52.0,33.0
25,5.3,6,18,14,1978,5,22,56.0,31.0,34.0
26,5.9,11,30,6,1978,6,2,146.0,-1.0,22.0
27,6.0,19,30,23,1978,6,4,63.0,40.0,33.0
28,5.1,7,5,56,1978,6,5,160.0,60.0,33.0
29,4.9,8,6,17,1978,7,24,-88.0,26.0,33.0
30,5.2,7,45,52,1978,8,2,100.0,20.0,33.0
31,5.6,1,10,26,1978,8,3,84.0,0.0,33.0
32,5.3,5,8,30,1978,9,3,9.0,48.0,8.0
33,5.1,23,11,11,1978,9,9,101.0,23.0,14.0
34,7.4,15,35,56,1978,9,16,57.0,33.0,33.0
35,5.0,13,13,8,1978,12,24,-157.0,63.0,33.0
36,5.3,14,49,1,1979,1,12,-17.0,35.0,11.0
37,5.5,10,36,17,1979,2,13,57.0,33.0,33.0
38,6.2,12,52,29,1979,3,15,101.0,23.0,33.0
39,5.6,13,19,59,1979,4,4,123.0,19.0,14.0
40,5.9,5,45,10,1979,4,23,120.0,-16.0,33.0
41,6.1,9,47,58,1979,6,2,117.0,-30.0,6.0
42,5.4,14,56,49,1979,6,17,100.0,-6.0,33.0
43,5.1,8,50,35,1979,6,27,-96.0,70.0,18.0
44,5.0,14,7,28,1979,7,11,-127.0,62.0,10.0
45,5.3,9,40,50,1979,7,14,122.0,-18.0,10.0
46,5.7,16,1,15,1979,7,17,98.0,-4.0,31.0
47,6.9,19,31,19,1979,7,24,107.0,-11.0,31.0
48,5.7,7,59,37,1979,9,22,-155.0,19.0,9.0
49,5.9,13,5,53,1979,9,25,77.0,45.0,40.0
50,6.8,18,37,12,1979,9,29,94.0,1.0,27.0
51,5.2,22,51,23,1979,10,16,91.0,6.0,34.0
52,5.1,11,31,49,1979,11,7,-72.0,-62.0,10.0
53,6.9,15,21,25,1979,11,16,-179.0,-16.0,33.0
54,5.3,6,45,7,1979,11,20,-139.0,-26.0,33.0
55,5.3,9,12,6,1979,12,9,56.0,35.0,48.0
56,5.0,14,49,59,1980,1,9,27.0,-3.0,10.0
57,5.9,15,31,42,1980,1,12,57.0,33.0,33.0
58,5.4,17,30,27,1980,2,1,122.0,73.0,27.0
59,5.1,4,46,4,1980,2,10,121.0,48.0,33.0
60,5.4,12,41,50,1980,2,10,152.0,44.0,33.0
61,5.0,23,44,39,1980,4,24,69.0,-48.0,10.0
62,5.3,3,30,55,1980,5,3,43.0,10.0,10.0
63,5.2,2,26,12,1980,5,27,160.0,-60.0,33.0
64,5.2,8,2,50,1980,5,30,43.0,10.0,10.0
65,5.1,18,52,21,1980,7,27,-83.0,38.0,8.0
66,5.3,10,45,32,1980,9,20,73.0,17.0,33.0
67,5.1,14,0,21,1980,10,23,117.0,6.0,51.0
68,5.1,3,29,42,1980,11,20,-38.0,-4.0,10.0
69,5.1,2,45,28,1980,12,6,78.0,39.0,33.0
70,5.8,1,16,56,1980,12,19,50.0,34.0,33.0
71,5.5,12,51,21,1980,12,22,50.0,34.0,41.0
72,5.4,3,50,19,1981,2,7,127.0,22.0,33.0
73,6.4,19,42,59,1981,3,6,-85.0,3.0,33.0
74,5.2,10,18,33,1981,4,12,85.0,8.0,33.0
75,5.0,2,47,0,1981,4,15,130.0,35.0,33.0
76,6.1,14,41,41,1981,4,30,150.0,43.0,49.0
77,5.4,22,15,13,1981,6,3,-175.0,-5.0,33.0
78,5.1,7,39,40,1981,6,4,-78.0,-34.0,33.0
79,6.7,7,24,25,1981,6,11,57.0,29.0,33.0
80,5.2,1,27,56,1981,7,12,-161.0,67.0,33.0
81,5.5,22,10,2,1981,7,13,-173.0,50.0,6.0
82,7.1,17,22,24,1981,7,28,57.0,30.0,33.0
83,5.6,23,21,23,1981,9,10,144.0,10.0,13.0
84,5.0,5,25,19,1981,9,12,99.0,21.0,16.0
85,5.2,6,50,59,1981,9,19,101.0,23.0,33.0
86,5.5,21,9,39,1981,9,24,79.0,-45.0,10.0
87,6.1,23,3,47,1981,9,30,-112.0,-4.0,10.0
88,5.1,17,10,22,1981,10,4,-111.0,-4.0,10.0
89,5.5,18,1,3,1981,11,8,115.0,37.0,14.0
90,5.3,13,2,56,1981,11,10,-155.0,19.0,10.0
91,5.3,9,5,29,1981,11,14,32.0,23.0,10.0
92,5.8,9,17,35,1981,11,18,22.0,-2.0,33.0
93,5.7,19,1,53,1981,12,2,88.0,-15.0,10.0
94,5.5,23,31,10,1981,12,12,70.0,4.0,20.0
95,5.1,16,4,53,1981,12,13,177.0,-3.0,33.0
96,5.4,0,28,15,1981,12,25,118.0,4.0,39.0
97,5.9,8,42,50,1982,1,7,177.0,-3.0,33.0
98,5.7,12,53,51,1982,1,9,-66.0,46.0,10.0
99,5.4,21,41,7,1982,1,11,-66.0,46.0,7.0
100,5.2,1,58,42,1982,1,20,177.0,-3.0,33.0
101,5.5,21,52,41,1982,1,21,-155.0,19.0,10.0
102,5.5,22,29,13,1982,1,21,-155.0,19.0,13.0
103,5.6,5,50,12,1982,2,15,177.0,-3.0,33.0
104,5.4,9,11,4,1982,2,23,177.0,-3.0,16.0
105,5.6,0,20,43,1982,3,16,177.0,-3.0,34.0
106,5.6,6,4,10,1982,3,22,174.0,6.0,33.0
107,5.4,8,45,58,1982,3,22,177.0,-3.0,31.0
108,5.2,6,44,18,1982,3,27,177.0,-3.0,33.0
109,5.5,2,41,19,1982,4,8,86.0,18.0,33.0
110,5.3,9,30,49,1982,4,14,177.0,-3.0,33.0
111,5.5,9,23,26,1982,4,18,177.0,-3.0,33.0
112,5.4,9,56,12,1982,4,22,177.0,-3.0,29.0
113,5.0,0,14,3,1982,4,27,-87.0,14.0,33.0
114,5.5,8,6,24,1982,4,27,119.0,-4.0,31.0
115,5.4,4,30,0,1982,4,28,177.0,-3.0,33.0
116,5.5,7,12,48,1982,5,17,177.0,-3.0,25.0
117,5.6,22,55,56,1982,5,20,172.0,-27.0,33.0
118,6.0,21,32,34,1982,5,23,177.0,-3.0,32.0
119,5.2,6,12,16,1982,6,1,101.0,21.0,33.0
120,5.3,20,51,6,1982,6,3,147.0,-1.0,14.0
121,6.3,1,20,7,1982,7,4,136.0,27.0,547.0
122,5.2,18,34,27,1982,7,4,90.0,19.0,33.0
123,5.4,1,42,56,1982,7,7,177.0,-3.0,33.0
124,5.2,17,44,12,1982,7,11,177.0,-3.0,31.0
125,5.6,13,49,48,1982,7,13,177.0,-3.0,30.0
126,5.6,2,13,49,1982,7,15,177.0,-3.0,33.0
127,5.2,22,56,13,1982,7,15,177.0,-3.0,33.0
128,5.2,15,24,23,1982,8,5,177.0,-3.0,33.0
129,5.4,5,43,52,1982,9,9,177.0,-3.0,33.0
130,5.2,19,8,51,1982,9,13,177.0,-3.0,33.0
131,5.4,3,53,42,1982,9,14,177.0,-3.0,33.0
132,5.3,11,41,1,1982,9,16,177.0,-3.0,33.0
133,5.4,14,0,49,1982,9,26,177.0,-3.0,25.0
134,5.1,3,48,0,1982,9,29,-89.0,14.0,15.0
135,5.5,5,50,32,1982,9,29,-89.0,14.0,12.0
136,5.1,8,41,29,1982,10,3,177.0,-3.0,33.0
137,5.3,4,9,16,1982,10,5,177.0,-3.0,33.0
138,5.3,18,53,2,1982,10,9,177.0,-3.0,33.0
139,5.3,19,40,23,1982,10,9,177.0,-3.0,33.0
140,5.1,10,58,39,1982,10,15,-125.0,32.0,5.0
141,5.2,15,36,36,1982,10,27,105.0,23.0,33.0
142,5.2,10,54,12,1982,12,8,177.0,-3.0,33.0
143,5.6,5,28,40,1982,12,9,177.0,-3.0,33.0
144,6.0,9,12,49,1982,12,13,44.0,14.0,10.0
145,5.3,23,53,15,1982,12,29,44.0,14.0,5.0
146,5.3,13,41,48,1982,12,31,177.0,-3.0,26.0
147,5.2,18,1,6,1983,1,21,177.0,-3.0,33.0
148,5.8,16,34,9,1983,1,24,-14.0,39.0,33.0
149,4.9,17,37,46,1983,1,31,44.0,-23.0,10.0
150,5.8,21,17,31,1983,1,31,177.0,-3.0,29.0
151,5.8,23,51,46,1983,2,5,177.0,-3.0,33.0
152,5.8,13,21,46,1983,3,8,177.0,-3.0,33.0
153,5.2,2,54,10,1983,3,13,147.0,-5.0,33.0
154,4.9,3,18,39,1983,3,21,-155.0,19.0,7.0
155,5.8,0,37,40,1983,4,22,99.0,14.0,33.0
156,5.2,3,21,40,1983,4,22,99.0,14.0,33.0
157,5.1,5,44,33,1983,6,3,174.0,-50.0,10.0
158,5.5,20,26,51,1983,6,9,122.0,-6.0,50.0
159,5.5,2,13,23,1983,6,10,122.0,75.0,10.0
160,5.7,20,35,38,1983,7,7,27.0,-7.0,10.0
161,5.1,6,9,28,1983,7,19,177.0,-19.0,33.0
162,6.0,10,26,0,1983,7,31,-126.0,-20.0,10.0
163,5.2,22,28,44,1983,8,3,7.0,-22.0,10.0
164,5.5,12,6,48,1983,8,21,87.0,3.0,10.0
165,5.4,16,30,55,1983,9,9,-155.0,19.0,9.0
166,5.1,10,18,46,1983,10,7,-74.0,43.0,13.0
167,6.6,16,13,0,1983,11,16,-155.0,19.0,11.0
168,6.0,19,56,8,1983,11,25,155.0,-40.0,24.0
169,6.4,4,11,29,1983,12,22,-13.0,11.0,10.0
170,5.1,0,39,8,1983,12,27,44.0,-18.0,33.0
171,5.5,18,40,30,1984,1,11,27.0,-6.0,10.0
172,5.7,13,42,56,1984,3,11,-108.0,-26.0,10.0
173,5.6,0,39,18,1984,3,14,118.0,5.0,52.0
174,7.0,20,28,39,1984,3,19,63.0,40.0,26.0
175,5.4,6,28,43,1984,3,20,63.0,40.0,33.0
176,6.0,8,27,51,1984,3,21,77.0,-43.0,10.0
177,5.9,22,29,58,1984,4,23,99.0,22.0,17.0
178,5.1,4,1,15,1984,5,19,113.0,-67.0,33.0
179,5.6,11,14,37,1984,8,6,57.0,30.0,33.0
180,5.3,11,45,48,1984,8,14,63.0,40.0,11.0
181,5.1,0,59,31,1984,9,8,-106.0,44.0,20.0
182,5.5,9,48,44,1984,10,5,-115.0,20.0,10.0
183,5.3,15,30,23,1984,10,18,-105.0,42.0,33.0
184,5.1,12,49,27,1984,11,8,149.0,-1.0,33.0
185,5.1,7,50,36,1984,11,18,74.0,0.0,10.0
186,6.3,6,9,44,1984,12,2,-115.0,20.0,10.0
187,5.2,22,44,9,1985,1,3,155.0,-54.0,10.0
188,5.2,12,1,10,1985,1,7,131.0,26.0,33.0
189,5.3,14,34,56,1985,4,12,-60.0,-23.0,33.0
190,6.0,14,20,25,1985,5,16,77.0,-29.0,10.0
191,5.3,2,23,52,1985,7,1,87.0,18.0,10.0
192,5.1,7,38,23,1985,7,27,84.0,-26.0,10.0
193,5.0,4,28,47,1985,8,15,18.0,47.0,10.0
194,5.6,1,26,6,1985,9,10,168.0,60.0,33.0
195,5.0,7,0,19,1985,10,6,-17.0,-52.0,10.0
196,6.0,0,49,13,1985,10,23,125.0,-11.0,33.0
197,5.3,16,56,43,1985,12,16,136.0,-47.0,10.0
198,4.9,20,1,26,1986,1,28,-5.0,31.0,10.0
199,4.9,16,46,42,1986,1,31,-81.0,41.0,10.0
200,5.0,1,15,57,1986,2,11,-125.0,41.0,10.0
201,5.2,4,15,58,1986,3,14,27.0,-10.0,10.0
202,5.6,21,28,27,1986,3,14,-23.0,-54.0,33.0
203,5.4,1,41,34,1986,3,25,25.0,38.0,5.0
204,5.8,8,53,53,1986,3,30,132.0,-26.0,10.0
205,5.2,1,45,24,1986,5,21,-20.0,14.0,10.0
206,5.5,13,33,44,1986,5,28,-115.0,19.0,10.0
207,5.3,15,48,20,1986,6,4,-152.0,65.0,10.0
208,5.6,7,17,58,1986,7,11,132.0,-26.0,10.0
209,4.9,20,20,42,1986,8,15,126.0,48.0,79.0
210,5.8,15,17,24,1986,9,13,-179.0,-31.0,243.0
211,4.9,18,53,20,1986,10,5,28.0,-30.0,5.0
212,5.0,14,43,50,1986,11,7,69.0,-14.0,10.0
213,5.3,8,28,33,1986,11,19,169.0,0.0,33.0
214,5.0,5,19,48,1986,11,30,-35.0,-5.0,5.0
215,6.0,14,18,41,1986,12,22,-48.0,-56.0,33.0
216,5.3,7,42,44,1987,1,2,-18.0,-42.0,10.0
217,5.1,11,27,11,1987,1,9,133.0,-20.0,10.0
218,4.8,23,11,33,1987,1,26,12.0,6.0,10.0
219,5.2,2,22,35,1987,2,4,-156.0,19.0,29.0
220,5.1,17,4,14,1987,3,11,88.0,-24.0,10.0
221,5.6,16,14,46,1987,3,15,91.0,-10.0,10.0
222,5.5,3,13,40,1987,3,30,-130.0,74.0,10.0
223,5.1,11,33,28,1987,4,5,-18.0,-42.0,10.0
224,5.3,0,13,13,1987,4,14,-15.0,-14.0,10.0
225,5.2,1,49,15,1987,6,21,123.0,22.0,33.0
226,5.2,0,50,15,1987,6,28,24.0,32.0,10.0
227,6.3,1,6,7,1987,7,6,-108.0,-27.0,10.0
228,6.1,11,50,14,1987,7,8,-108.0,-26.0,10.0
229,5.4,6,15,50,1987,7,11,-17.0,82.0,10.0
230,5.4,21,59,41,1987,7,26,165.0,-30.0,33.0
231,5.1,17,53,35,1987,7,27,165.0,-30.0,33.0
232,5.5,7,17,23,1987,9,22,84.0,0.0,10.0
233,5.2,7,31,10,1987,12,9,-61.0,34.0,10.0
234,5.4,21,5,3,1987,12,13,-93.0,74.0,10.0
235,5.5,11,17,56,1987,12,22,-11.0,-51.0,10.0
236,5.4,21,7,11,1988,1,15,-11.0,-27.0,10.0
237,6.3,0,35,57,1988,1,22,133.0,-19.0,5.0
238,6.4,3,57,25,1988,1,22,133.0,-19.0,5.0
239,6.7,12,4,57,1988,1,22,133.0,-19.0,5.0
240,5.8,20,54,2,1988,1,22,133.0,-19.0,5.0
241,5.1,22,1,56,1988,1,23,-116.0,-15.0,10.0
242,4.8,15,48,7,1988,1,28,21.0,32.0,10.0
243,5.6,9,1,46,1988,2,1,145.0,-1.0,10.0
244,5.2,5,23,58,1988,2,6,124.0,-16.0,10.0
245,5.5,23,56,58,1988,2,13,173.0,50.0,33.0
246,5.5,15,43,15,1988,2,24,-91.0,0.0,10.0
247,5.3,20,22,44,1988,2,24,-91.0,0.0,10.0
248,5.4,1,58,58,1988,3,5,114.0,-52.0,10.0
249,7.6,22,35,35,1988,3,6,-142.0,57.0,10.0
250,5.9,15,21,10,1988,3,7,152.0,41.0,33.0
251,5.2,18,0,26,1988,3,14,123.0,-52.0,10.0
252,5.0,23,56,13,1988,3,15,-142.0,57.0,10.0
253,4.8,12,7,29,1988,3,26,13.0,33.0,10.0
254,5.6,3,33,40,1988,3,28,-156.0,19.0,10.0
255,5.5,18,14,54,1988,4,7,-15.0,-55.0,10.0
256,5.3,21,17,9,1988,4,16,27.0,-10.0,10.0
257,5.6,14,25,56,1988,5,17,170.0,-11.0,62.0
258,5.3,10,18,1,1988,5,20,-91.0,0.0,10.0
259,5.4,16,26,23,1988,7,30,83.0,-33.0,10.0
260,5.6,19,59,31,1988,8,8,2.0,63.0,10.0
261,5.8,13,51,42,1988,8,21,-85.0,-42.0,10.0
262,5.1,21,23,36,1988,8,22,52.0,35.0,33.0
263,5.1,5,30,50,1988,8,23,52.0,35.0,33.0
264,5.3,16,52,24,1988,8,27,-20.0,0.0,10.0
265,5.5,22,28,43,1988,9,22,-167.0,23.0,10.0
266,5.7,10,37,53,1988,10,28,122.0,0.0,22.0
267,7.3,13,3,17,1988,11,6,99.0,22.0,10.0
268,4.9,2,39,56,1988,11,7,99.0,23.0,10.0
269,5.1,10,28,16,1988,11,15,99.0,23.0,33.0
270,5.9,23,46,4,1988,11,25,-71.0,48.0,28.0
271,5.2,4,17,55,1988,11,27,99.0,22.0,10.0
272,6.0,8,13,29,1988,11,30,99.0,22.0,10.0
273,5.0,17,6,22,1988,12,14,117.0,5.0,33.0
274,5.5,0,58,15,1988,12,17,167.0,-26.0,33.0
275,5.6,13,9,40,1988,12,24,149.0,-5.0,366.0
276,5.0,16,52,19,1989,1,3,11.0,35.0,10.0
277,5.6,13,1,57,1989,2,28,-61.0,-23.0,569.0
278,5.4,3,25,7,1989,3,1,97.0,21.0,33.0
279,4.9,1,22,20,1989,4,8,-143.0,57.0,10.0
280,5.8,14,26,41,1989,4,15,-61.0,8.0,25.0
281,5.8,19,21,7,1989,4,23,-156.0,66.0,10.0
282,5.6,0,38,18,1989,5,7,99.0,23.0,33.0
283,5.2,2,30,35,1989,5,9,-16.0,28.0,9.0
284,6.0,0,4,10,1989,6,12,89.0,21.0,10.0
285,5.5,20,12,31,1989,6,16,102.0,20.0,33.0
286,5.0,15,49,14,1989,6,18,121.0,-12.0,33.0
287,6.1,3,27,3,1989,6,26,-155.0,19.0,9.0
288,5.3,10,53,51,1989,9,24,-59.0,9.0,31.0
289,5.4,19,24,44,1989,9,29,98.0,-15.0,10.0
290,5.6,9,59,11,1989,10,13,122.0,-17.0,10.0
291,5.1,23,40,35,1989,10,15,82.0,0.0,10.0
292,5.8,17,39,12,1989,11,3,148.0,-1.0,33.0
293,5.6,4,19,6,1989,11,20,57.0,29.0,33.0
294,4.7,16,13,49,1989,11,25,114.0,23.0,33.0
295,5.5,3,12,15,1989,12,17,92.0,-8.0,10.0
296,6.3,14,24,33,1989,12,25,-73.0,60.0,10.0
297,5.8,21,44,55,1990,1,6,93.0,-10.0,10.0
298,5.5,23,5,30,1990,3,13,39.0,-4.0,18.0
299,4.9,0,1,10,1990,3,25,57.0,33.0,33.0
300,5.1,9,7,26,1990,4,4,122.0,0.0,33.0
301,5.4,4,45,49,1990,6,1,147.0,-5.0,42.0
302,5.2,0,1,54,1990,6,11,-118.0,-7.0,33.0
303,5.3,5,43,3,1990,6,11,-118.0,-7.0,33.0
304,6.1,14,13,4,1990,8,21,-104.0,-27.0,10.0
305,5.6,7,0,2,1990,9,14,-164.0,51.0,33.0
306,5.6,23,8,24,1990,9,26,26.0,-28.0,5.0
307,6.5,1,35,44,1990,10,15,92.0,-2.0,34.0
308,4.9,19,6,52,1990,10,15,56.0,33.0,33.0
309,5.1,0,31,29,1990,11,3,33.0,-21.0,10.0
310,4.8,11,57,37,1990,11,11,12.0,33.0,10.0
311,5.6,5,48,20,1990,12,3,166.0,-22.0,33.0
312,5.4,8,41,17,1991,1,9,146.0,-9.0,33.0
313,6.5,2,35,32,1991,2,21,-175.0,58.0,10.0
314,5.1,9,36,50,1991,2,24,166.0,-22.0,33.0
315,6.1,14,30,29,1991,2,25,78.0,40.0,33.0
316,5.9,23,12,20,1991,4,21,46.0,-18.0,10.0
317,5.1,11,17,1,1991,5,26,116.0,5.0,33.0
318,5.5,21,24,3,1991,7,2,12.0,72.0,10.0
319,5.5,6,53,37,1991,7,9,-65.0,23.0,33.0
320,5.1,3,21,17,1991,8,5,-115.0,-17.0,10.0
321,5.3,1,0,36,1991,8,29,-115.0,-17.0,10.0
322,6.2,9,5,28,1991,9,3,-115.0,-17.0,10.0
323,5.9,11,56,16,1991,9,3,-115.0,-17.0,10.0
324,5.6,6,39,12,1991,9,15,-115.0,-17.0,10.0
325,5.3,19,10,10,1991,10,18,122.0,7.0,37.0
326,5.6,15,13,43,1991,11,8,70.0,26.0,22.0
327,5.6,8,49,40,1991,12,2,21.0,45.0,10.0
328,6.1,17,3,9,1991,12,11,-116.0,-17.0,10.0
329,5.3,0,56,57,1992,1,4,-94.0,66.0,10.0
330,5.6,6,16,57,1992,1,11,86.0,9.0,33.0
331,5.3,11,28,7,1992,2,22,169.0,18.0,30.0
332,5.6,19,25,7,1992,3,22,-18.0,-42.0,10.0
333,5.2,15,10,46,1992,3,29,-115.0,-17.0,10.0
334,5.7,18,9,45,1992,3,30,-116.0,-17.0,10.0
335,5.4,1,20,0,1992,4,13,5.0,51.0,20.0
336,6.1,14,18,37,1992,4,23,98.0,22.0,31.0
337,6.3,15,32,52,1992,4,23,98.0,22.0,33.0
338,5.3,14,9,31,1992,5,22,-115.0,27.0,10.0
339,5.6,20,3,18,1992,6,2,92.0,-16.0,10.0
340,5.8,21,5,0,1992,6,2,92.0,-16.0,10.0
341,5.3,19,16,43,1992,6,12,8.0,34.0,10.0
342,5.4,21,34,1,1992,7,9,89.0,20.0,30.0
343,5.5,13,14,51,1992,7,30,-72.0,-50.0,10.0
344,4.9,23,45,35,1992,8,4,-106.0,-26.0,33.0
345,5.0,15,45,24,1992,8,6,-106.0,-26.0,10.0
346,6.5,18,19,19,1992,8,7,-143.0,57.0,10.0
347,5.2,1,57,25,1992,8,15,172.0,-23.0,33.0
348,6.7,3,57,26,1992,9,11,26.0,-6.0,10.0
349,5.3,13,16,28,1992,9,14,117.0,21.0,15.0
350,5.6,14,52,27,1992,9,23,26.0,-6.0,10.0
351,5.2,9,11,8,1992,10,23,-4.0,31.0,28.0
352,5.2,10,43,58,1992,10,30,-4.0,31.0,25.0
353,5.6,20,32,6,1993,1,26,101.0,23.0,33.0
354,4.8,7,22,45,1993,2,17,42.0,35.0,33.0
355,5.4,19,35,37,1993,2,18,72.0,-53.0,10.0
356,4.9,20,17,21,1993,4,8,120.0,6.0,47.0
357,5.1,17,42,49,1993,4,25,145.0,-1.0,33.0
358,6.2,6,50,13,1993,5,29,-26.0,19.0,10.0
359,5.1,8,34,22,1993,5,31,174.0,-72.0,10.0
360,5.2,1,32,11,1993,6,4,-26.0,19.0,10.0
361,5.2,0,20,40,1993,8,1,31.0,15.0,10.0
362,5.4,19,36,21,1993,8,10,-27.0,83.0,10.0
363,4.9,14,30,4,1993,8,14,101.0,25.0,33.0
364,4.9,16,2,32,1993,9,10,12.0,35.0,10.0
365,5.8,3,28,55,1993,9,21,-122.0,42.0,11.0
366,5.7,5,45,34,1993,9,21,-122.0,42.0,5.0
367,5.9,18,26,20,1993,9,29,-18.0,-42.0,10.0
368,6.3,22,25,48,1993,9,29,76.0,18.0,6.0
369,5.2,0,52,33,1993,10,13,121.0,7.0,42.0
370,5.2,22,15,19,1993,12,4,-121.0,42.0,5.0
371,4.9,1,42,19,1993,12,8,73.0,17.0,33.0
372,5.0,14,22,34,1993,12,23,-2.0,36.0,20.0
373,5.1,10,1,54,1994,2,1,-155.0,19.0,33.0
374,6.5,4,16,26,1994,2,12,-128.0,-10.0,10.0
375,5.1,1,12,59,1994,3,22,-105.0,-41.0,10.0
376,4.8,9,14,10,1994,5,9,78.0,40.0,33.0
377,5.7,3,44,57,1994,5,15,73.0,-48.0,10.0
378,5.0,17,41,50,1994,7,25,124.0,34.0,10.0
379,6.0,0,45,48,1994,8,18,31.0,-7.0,29.0
380,5.0,14,18,32,1994,8,23,78.0,40.0,33.0
381,5.2,10,26,52,1994,9,1,76.0,-27.0,10.0
382,5.2,3,43,58,1994,9,3,76.0,-27.0,10.0
383,5.3,5,22,6,1994,9,8,164.0,-11.0,33.0
384,6.7,6,20,18,1994,9,16,118.0,22.0,12.0
385,5.2,17,55,23,1994,10,19,118.0,22.0,16.0
386,5.6,1,43,53,1994,11,2,118.0,5.0,33.0
387,5.0,7,7,44,1994,11,10,118.0,22.0,33.0
388,5.1,14,31,2,1994,11,20,39.0,35.0,29.0
389,5.2,18,27,8,1994,11,27,119.0,5.0,33.0
390,5.1,20,43,53,1994,12,14,58.0,34.0,33.0
391,5.3,11,22,11,1994,12,21,118.0,22.0,16.0
392,5.6,2,57,20,1994,12,31,109.0,20.0,33.0
393,5.5,10,9,51,1995,1,10,109.0,20.0,33.0
394,4.8,13,43,33,1995,1,10,-169.0,-14.0,33.0
395,5.4,14,26,44,1995,2,1,-18.0,-42.0,10.0
396,5.3,22,45,33,1995,2,11,-81.0,12.0,11.0
397,5.3,17,41,5,1995,2,14,153.0,44.0,30.0
398,5.6,2,59,12,1995,2,20,76.0,-27.0,10.0
399,5.8,18,43,42,1995,3,6,118.0,2.0,33.0
400,5.3,8,22,37,1995,3,10,-130.0,-11.0,10.0
401,5.3,14,39,49,1995,3,29,-100.0,-42.0,10.0
402,5.7,0,32,54,1995,4,14,-103.0,30.0,5.0
403,5.3,22,29,31,1995,5,15,120.0,-42.0,10.0
404,5.0,7,33,15,1995,5,21,-100.0,-43.0,33.0
405,5.9,20,31,31,1995,7,9,99.0,22.0,12.0
406,7.2,21,46,39,1995,7,11,99.0,21.0,13.0
407,5.2,9,38,16,1995,7,12,116.0,2.0,33.0
408,6.2,5,51,17,1995,7,27,79.0,-12.0,10.0
409,5.7,19,44,24,1995,8,7,143.0,4.0,10.0
410,5.1,15,33,48,1995,8,8,169.0,-23.0,33.0
411,4.7,3,14,35,1995,9,20,118.0,34.0,33.0
412,5.6,8,51,49,1995,9,22,19.0,1.0,10.0
413,5.0,11,20,10,1995,9,22,8.0,35.0,10.0
414,5.3,20,56,3,1995,9,23,-128.0,-24.0,10.0
415,6.1,15,57,16,1995,10,1,30.0,38.0,33.0
416,4.8,19,54,52,1995,10,22,98.0,-6.0,65.0
417,5.5,22,46,50,1995,10,23,102.0,26.0,0.0
418,5.1,17,54,39,1995,12,11,26.0,-6.0,0.0
419,4.9,2,57,37,1995,12,25,-115.0,16.0,10.0
420,5.1,16,14,10,1996,2,25,57.0,35.0,33.0
421,4.8,17,42,4,1996,2,25,57.0,35.0,33.0
422,5.3,8,33,53,1996,3,6,-110.0,-69.0,10.0
423,5.5,8,8,2,1996,4,1,73.0,31.0,43.0
424,5.0,0,1,18,1996,4,18,87.0,-16.0,10.0
425,5.6,10,49,59,1996,7,7,157.0,58.0,10.0
426,4.8,18,33,25,1996,8,9,-170.0,64.0,10.0
427,4.9,18,45,43,1996,8,9,-170.0,64.0,10.0
428,4.9,9,1,30,1996,8,21,-99.0,-47.0,10.0
429,5.2,5,48,38,1996,8,26,93.0,-8.0,10.0
430,4.9,23,24,30,1996,11,3,-170.0,64.0,10.0
431,5.9,9,41,34,1996,11,5,180.0,-31.0,369.0
432,5.5,15,29,51,1996,11,15,127.0,10.0,33.0
433,5.6,19,42,56,1996,11,20,127.0,10.0,33.0
434,5.1,22,16,26,1996,12,24,38.0,34.0,29.0
435,5.8,1,48,30,1997,1,21,77.0,39.0,33.0
436,4.7,8,20,18,1997,1,29,77.0,39.0,33.0
437,5.5,6,4,14,1997,3,1,76.0,39.0,22.0
438,5.4,11,17,34,1997,3,15,145.0,-1.0,33.0
439,5.3,0,1,23,1997,4,2,152.0,44.0,33.0
440,5.9,23,46,19,1997,4,5,76.0,39.0,33.0
441,5.8,4,36,35,1997,4,6,77.0,39.0,33.0
442,5.2,12,58,18,1997,4,6,76.0,39.0,33.0
443,6.1,5,34,42,1997,4,11,76.0,39.0,15.0
444,5.2,21,9,8,1997,4,12,76.0,39.0,20.0
445,5.2,14,13,59,1997,4,19,-143.0,-58.0,10.0
446,5.2,6,31,4,1997,5,9,117.0,-44.0,10.0
447,6.0,22,51,28,1997,5,21,80.0,23.0,36.0
448,4.9,23,49,43,1997,5,21,-7.0,42.0,19.0
449,5.3,23,50,43,1997,5,21,-7.0,42.0,19.0
450,5.6,7,24,12,1997,6,9,171.0,-21.0,33.0
451,5.0,22,43,51,1997,6,16,-134.0,40.0,10.0
452,5.2,1,3,45,1997,6,23,-83.0,10.0,22.0
453,4.9,9,24,51,1997,6,24,76.0,39.0,67.0
454,5.3,15,47,39,1997,6,30,-155.0,19.0,8.0
455,6.0,9,20,31,1997,8,10,124.0,-16.0,10.0
456,4.9,21,47,40,1997,8,14,121.0,0.0,33.0
457,5.4,8,43,27,1997,8,26,-21.0,-7.0,10.0
458,4.9,16,48,26,1997,9,12,86.0,0.0,33.0
459,5.6,1,38,28,1997,9,28,119.0,-3.0,33.0
460,5.4,9,59,4,1997,11,5,73.0,-2.0,10.0
461,4.7,19,22,44,1997,12,2,19.0,36.0,33.0
462,4.9,23,9,11,1998,1,11,-91.0,0.0,10.0
463,4.9,6,48,40,1998,2,12,-109.0,-27.0,10.0
464,5.4,2,59,43,1998,3,5,17.0,0.0,10.0
465,6.9,19,40,27,1998,3,14,57.0,30.0,9.0
466,8.0,3,12,25,1998,3,25,149.0,-62.0,10.0
467,6.1,12,17,22,1998,3,25,147.0,-63.0,10.0
468,5.4,12,25,12,1998,3,26,145.0,-62.0,10.0
469,4.8,6,34,50,1998,3,28,148.0,-63.0,10.0
470,5.2,1,24,7,1998,3,31,147.0,-62.0,10.0
471,5.1,16,16,47,1998,4,4,30.0,38.0,10.0
472,5.5,23,26,52,1998,4,9,67.0,-12.0,10.0
473,5.4,4,9,29,1998,4,12,-47.0,4.0,10.0
474,5.3,10,4,21,1998,4,18,147.0,-63.0,10.0
475,5.5,14,16,52,1998,4,26,17.0,0.0,10.0
476,7.3,23,30,21,1998,5,3,125.0,22.0,33.0
477,4.7,15,8,42,1998,5,7,125.0,22.0,33.0
478,5.0,17,37,5,1998,5,8,125.0,22.0,33.0
479,5.4,1,16,30,1998,5,27,125.0,22.0,33.0
480,5.5,18,33,28,1998,5,28,27.0,31.0,10.0
481,5.0,20,19,16,1998,6,30,-69.0,22.0,39.0
482,5.6,4,40,46,1998,8,2,77.0,39.0,68.0
483,5.5,5,17,1,1998,8,3,-148.0,-27.0,10.0
484,5.3,13,21,24,1998,8,14,147.0,-63.0,10.0
485,6.4,9,3,36,1998,8,27,77.0,39.0,33.0
486,5.1,6,43,3,1998,9,3,77.0,39.0,33.0
487,5.3,0,32,57,1998,9,6,117.0,14.0,33.0
488,5.1,1,36,19,1998,10,14,-44.0,60.0,10.0
489,5.3,11,19,6,1998,10,31,98.0,-6.0,33.0
490,5.3,3,50,32,1998,11,2,177.0,-19.0,33.0
491,5.1,7,39,23,1998,11,18,57.0,30.0,33.0
492,6.0,15,39,19,1998,11,19,125.0,22.0,10.0
493,4.9,21,34,28,1998,12,29,118.0,1.0,33.0
494,5.2,15,59,39,1998,12,30,88.0,-32.0,10.0
495,5.2,9,28,8,1999,1,1,-111.0,79.0,10.0
496,4.9,5,44,23,1999,1,29,115.0,44.0,10.0
497,6.5,8,52,1,1999,3,4,121.0,5.0,33.0
498,5.6,13,1,10,1999,3,5,122.0,5.0,33.0
499,4.9,13,15,33,1999,3,6,121.0,5.0,32.0
500,4.9,2,43,13,1999,3,11,122.0,5.0,33.0
501,5.6,0,56,25,1999,4,17,-155.0,19.0,10.0
502,5.5,13,54,39,1999,5,13,121.0,0.0,34.0
503,5.1,16,0,25,1999,5,25,90.0,3.0,33.0
504,5.0,22,48,21,1999,6,13,-50.0,13.0,10.0
505,5.0,21,25,37,1999,10,2,159.0,-60.0,10.0
506,5.2,3,15,38,1999,10,16,-174.0,-45.0,10.0
507,5.6,4,0,9,1999,11,25,121.0,0.0,33.0
508,5.2,0,40,36,1999,12,11,-92.0,-30.0,10.0
509,4.9,18,39,50,1999,12,21,-113.0,17.0,10.0
510,5.1,22,8,7,1999,12,22,-91.0,0.0,10.0
511,4.8,20,44,55,1999,12,31,16.0,51.0,5.0
512,5.2,17,55,11,2000,1,5,-58.0,-56.0,10.0
513,5.1,22,9,4,2000,1,14,101.0,25.0,33.0
514,5.9,23,37,7,2000,1,14,101.0,25.0,33.0
515,5.3,22,58,1,2000,2,2,58.0,35.0,33.0
516,5.4,10,24,59,2000,2,3,-154.0,65.0,7.0
517,5.4,11,52,13,2000,2,16,145.0,37.0,33.0
518,6.1,23,57,3,2000,3,5,145.0,-62.0,10.0
519,4.9,10,40,54,2000,3,6,145.0,-62.0,10.0
520,4.9,18,3,56,2000,3,12,73.0,17.0,33.0
521,5.9,6,35,5,2000,3,15,-117.0,-44.0,10.0
522,5.0,21,30,29,2000,6,15,20.0,34.0,10.0
523,4.9,1,8,31,2000,6,16,118.0,1.0,33.0
524,7.8,14,44,13,2000,6,18,97.0,-13.0,10.0
525,5.6,11,34,0,2000,6,20,97.0,-14.0,10.0
526,5.2,0,2,21,2000,6,22,97.0,-13.0,10.0
527,4.9,21,29,46,2000,7,27,131.0,-1.0,33.0
528,4.9,6,28,2,2000,8,13,-82.0,12.0,10.0
529,5.4,7,4,6,2000,8,13,-82.0,12.0,10.0
530,5.1,13,55,26,2000,8,26,123.0,-5.0,33.0
531,5.4,0,32,42,2000,9,5,73.0,17.0,10.0
532,5.5,22,41,25,2000,9,8,122.0,7.0,32.0
533,5.6,4,0,39,2000,9,25,37.0,-46.0,10.0
534,5.2,19,5,8,2000,9,30,-142.0,57.0,33.0
535,5.3,19,27,13,2000,10,11,112.0,-20.0,10.0
536,5.6,0,8,53,2000,10,27,94.0,54.0,33.0
537,5.2,21,24,9,2000,11,13,-116.0,81.0,10.0
538,4.8,10,5,49,2000,12,10,121.0,0.0,33.0
539,5.8,16,44,47,2000,12,15,31.0,38.0,10.0
540,5.0,16,29,60,2000,12,22,-107.0,-26.0,10.0
541,5.8,7,13,24,2000,12,23,135.0,-7.0,61.0
542,5.8,13,24,22,2000,12,25,120.0,-42.0,10.0
543,5.0,23,42,59,2000,12,31,-107.0,-26.0,10.0
544,5.3,6,26,57,2001,1,7,147.0,59.0,14.0
545,8.0,3,16,40,2001,1,26,70.0,23.0,16.0
546,5.9,1,2,10,2001,1,28,70.0,23.0,10.0
547,4.9,11,10,43,2001,1,28,70.0,23.0,10.0
548,5.3,3,49,7,2001,2,5,-131.0,64.0,10.0
549,5.9,14,16,59,2001,2,14,177.0,-19.0,10.0
550,5.2,8,24,20,2001,2,19,70.0,23.0,10.0
551,4.9,7,10,21,2001,3,9,-130.0,64.0,1.0
552,5.4,6,50,6,2001,4,2,147.0,11.0,56.0
553,5.4,10,47,0,2001,4,12,99.0,24.0,10.0
554,5.3,2,20,13,2001,4,14,-119.0,56.0,10.0
555,4.9,12,14,25,2001,5,8,121.0,0.0,33.0
556,4.8,7,22,13,2001,5,14,-142.0,54.0,10.0
557,4.8,23,51,33,2001,7,9,101.0,24.0,33.0
558,5.2,16,41,30,2001,7,31,117.0,8.0,33.0
559,5.0,19,35,37,2001,8,14,-107.0,76.0,10.0
560,5.0,15,58,1,2001,8,22,70.0,47.0,33.0
561,5.4,12,28,18,2001,8,28,149.0,-1.0,33.0
562,5.8,2,25,54,2001,9,2,82.0,0.0,10.0
563,6.2,2,45,59,2001,9,7,97.0,-13.0,10.0
564,5.5,14,56,44,2001,9,25,80.0,11.0,10.0
565,6.7,14,2,35,2001,12,12,124.0,-42.0,10.0
566,4.9,7,28,9,2001,12,13,124.0,-42.0,10.0
567,5.0,9,55,46,2002,1,4,155.0,-55.0,10.0
568,5.7,8,26,52,2002,1,12,-69.0,28.0,10.0
569,6.4,7,11,28,2002,2,3,31.0,38.0,5.0
570,5.7,9,26,43,2002,2,3,30.0,38.0,10.0
571,5.1,11,39,55,2002,2,3,31.0,38.0,10.0
572,4.9,20,9,30,2002,2,4,-2.0,37.0,20.0
573,5.1,9,1,47,2002,2,8,123.0,-11.0,33.0
574,5.2,15,15,14,2002,2,9,150.0,1.0,33.0
575,5.7,19,7,17,2002,2,20,31.0,-7.0,38.0
576,5.1,17,7,42,2002,3,5,24.0,-11.0,10.0
577,5.0,20,6,37,2002,3,11,56.0,25.0,10.0
578,5.1,5,55,13,2002,3,24,172.0,-16.0,33.0
579,5.1,18,40,19,2002,4,5,55.0,32.0,33.0
580,5.0,1,3,57,2002,4,7,117.0,7.0,33.0
581,5.2,10,50,47,2002,4,20,-73.0,44.0,11.0
582,5.2,17,58,47,2002,4,21,162.0,-20.0,33.0
583,4.9,13,3,46,2002,5,14,122.0,5.0,33.0
584,5.5,15,15,8,2002,5,18,33.0,-2.0,10.0
585,6.4,2,58,21,2002,6,22,49.0,35.0,10.0
586,4.9,1,20,36,2002,6,24,9.0,35.0,10.0
587,6.2,23,0,18,2002,7,3,147.0,-5.0,31.0
588,5.0,13,41,44,2002,7,5,-155.0,-40.0,10.0
589,4.9,10,2,24,2002,7,8,147.0,-5.0,33.0
590,5.4,11,9,9,2002,7,8,147.0,-5.0,33.0
591,5.1,1,0,3,2002,9,2,48.0,35.0,10.0
592,4.9,9,20,49,2002,10,16,56.0,31.0,33.0
593,5.4,2,53,15,2002,11,21,-82.0,12.0,7.0
594,5.5,11,29,36,2003,1,28,121.0,0.0,10.0
595,5.2,14,4,58,2003,1,28,122.0,0.0,10.0
596,5.0,20,41,3,2003,2,22,6.0,48.0,10.0
597,5.1,11,36,3,2003,2,23,171.0,-21.0,33.0
598,6.3,2,3,41,2003,2,24,77.0,39.0,11.0
599,5.1,21,18,41,2003,2,24,77.0,39.0,10.0
600,5.3,3,52,41,2003,2,25,77.0,39.0,10.0
601,5.6,16,42,56,2003,3,2,-20.0,-36.0,10.0
602,5.7,4,47,51,2003,3,12,77.0,39.0,10.0
603,4.9,22,59,25,2003,3,15,77.0,39.0,10.0
604,5.4,23,15,46,2003,3,30,77.0,39.0,10.0
605,5.6,15,44,35,2003,5,4,77.0,39.0,10.0
606,5.1,16,28,37,2003,6,4,77.0,39.0,10.0
607,5.7,7,16,44,2003,7,4,23.0,76.0,10.0
608,5.0,8,51,27,2003,7,8,-21.0,-7.0,10.0
609,4.9,5,59,43,2003,7,21,69.0,-1.0,10.0
610,6.5,9,37,45,2003,7,25,149.0,-1.0,24.0
611,5.1,22,50,25,2003,7,27,69.0,-1.0,10.0
612,4.9,3,8,35,2003,8,4,5.0,65.0,10.0
613,5.1,11,8,1,2003,8,5,70.0,23.0,10.0
614,5.5,10,58,42,2003,8,16,119.0,43.0,24.0
615,5.8,9,1,32,2003,8,31,146.0,10.0,57.0
616,6.2,4,55,28,2003,10,7,-170.0,-16.0,10.0
617,5.0,2,5,10,2003,10,22,132.0,5.0,33.0
618,4.9,0,25,36,2003,11,9,171.0,-65.0,10.0
619,5.0,14,45,51,2003,11,10,67.0,41.0,10.0
620,5.6,8,4,55,2003,12,11,-170.0,-16.0,10.0
621,5.0,11,22,57,2003,12,14,126.0,-3.0,33.0
622,5.2,18,38,54,2004,1,14,-125.0,-19.0,10.0
623,5.2,1,24,40,2004,2,9,-112.0,24.0,10.0
624,5.1,9,3,47,2004,2,9,-112.0,24.0,10.0
625,4.9,9,30,39,2004,2,11,129.0,-22.0,13.0
626,5.6,1,53,49,2004,3,24,118.0,45.0,18.0
627,5.0,3,14,48,2004,4,3,-44.0,17.0,10.0
628,4.8,23,29,1,2004,5,1,113.0,3.0,10.0
629,5.2,20,17,48,2004,5,13,-20.0,-36.0,10.0
630,5.3,10,14,28,2004,5,29,129.0,36.0,29.0
631,5.1,7,9,22,2004,6,11,-90.0,-27.0,10.0
632,5.0,22,28,48,2004,6,15,-117.0,32.0,10.0
633,5.3,6,50,19,2004,6,18,161.0,16.0,30.0
634,5.4,22,30,9,2004,7,1,43.0,39.0,5.0
635,4.9,7,26,0,2004,7,5,122.0,-5.0,10.0
636,5.3,0,20,57,2004,7,10,94.0,-8.0,10.0
637,6.1,23,46,12,2004,7,11,-126.0,-20.0,12.0
638,4.9,10,9,25,2004,8,6,146.0,-1.0,47.0
639,5.8,14,18,35,2004,8,7,95.0,-6.0,20.0
640,5.1,10,40,29,2004,8,8,120.0,4.0,34.0
641,5.1,5,35,16,2004,8,30,-116.0,29.0,10.0
642,5.0,16,8,17,2004,8,30,-72.0,-50.0,24.0
643,5.0,16,18,54,2004,9,7,-72.0,-50.0,25.0
644,4.9,8,40,51,2004,9,15,167.0,-12.0,31.0
645,5.7,7,7,48,2004,9,18,-67.0,23.0,10.0
646,4.9,13,32,30,2004,9,21,19.0,54.0,10.0
647,4.8,9,2,7,2004,10,3,28.0,45.0,31.0
648,4.9,18,19,8,2004,10,9,122.0,7.0,32.0
649,5.2,5,9,36,2004,10,11,135.0,31.0,502.0
650,5.5,2,32,44,2004,11,20,126.0,-3.0,21.0
651,5.1,8,49,3,2004,11,27,-20.0,-45.0,10.0
652,5.2,18,26,42,2004,12,2,169.0,0.0,10.0
653,4.2,1,52,37,2004,12,5,8.0,48.0,10.0
654,5.1,4,37,52,2004,12,7,156.0,-20.0,28.0
655,7.7,14,59,4,2004,12,23,161.0,-49.0,10.0
656,5.0,16,8,18,2005,1,8,-107.0,-26.0,10.0
657,5.1,5,13,10,2005,1,15,39.0,-5.0,10.0
658,5.2,20,29,8,2005,1,31,-9.0,65.0,17.0
659,5.7,6,28,36,2005,2,2,145.0,-7.0,26.0
660,5.0,14,58,8,2005,2,2,90.0,6.0,17.0
661,6.0,16,53,20,2005,2,10,169.0,-23.0,9.0
662,5.1,17,12,45,2005,2,10,169.0,-23.0,10.0
663,5.3,21,52,20,2005,2,10,169.0,-22.0,10.0
664,5.0,2,38,41,2005,2,12,169.0,-23.0,10.0
665,4.9,17,21,22,2005,2,17,169.0,-23.0,10.0
666,6.3,0,4,43,2005,2,19,122.0,-5.0,10.0
667,4.9,16,39,19,2005,2,21,169.0,-23.0,10.0
668,6.5,2,25,22,2005,2,22,56.0,30.0,14.0
669,5.2,18,19,31,2005,2,22,-85.0,4.0,26.0
670,5.7,23,14,17,2005,2,22,133.0,-65.0,10.0
671,4.9,3,20,31,2005,2,25,122.0,-5.0,10.0
672,4.9,1,20,57,2005,3,1,169.0,-23.0,10.0
673,4.9,9,43,49,2005,3,14,73.0,17.0,10.0
674,4.9,8,25,9,2005,3,15,-106.0,-8.0,10.0
675,5.0,7,38,1,2005,3,24,77.0,39.0,20.0
676,5.4,11,38,17,2005,4,8,169.0,-23.0,10.0
677,4.9,3,47,26,2005,4,21,169.0,-23.0,10.0
678,4.9,18,58,42,2005,5,1,56.0,30.0,30.0
679,5.5,18,4,55,2005,5,14,56.0,30.0,10.0
680,5.2,20,30,29,2005,5,18,-89.0,14.0,42.0
681,4.9,19,58,9,2005,5,23,117.0,6.0,19.0
682,4.9,8,38,8,2005,5,31,57.0,34.0,14.0
683,5.3,22,32,16,2005,6,5,84.0,-26.0,10.0
684,4.9,4,46,10,2005,6,19,58.0,33.0,42.0
685,5.1,11,12,15,2005,7,5,-72.0,-50.0,22.0
686,5.1,10,23,11,2005,7,13,-179.0,-36.0,41.0
687,5.2,15,48,54,2005,7,15,-155.0,20.0,17.0
688,5.0,19,15,3,2005,7,17,-155.0,18.0,32.0
689,4.9,8,8,50,2005,7,18,-110.0,1.0,10.0
690,5.0,15,43,41,2005,7,25,125.0,46.0,47.0
691,5.2,12,16,8,2005,7,26,104.0,42.0,16.0
692,5.3,0,0,31,2005,7,30,78.0,-11.0,22.0
693,4.8,21,45,0,2005,7,30,33.0,39.0,5.0
694,5.2,14,14,48,2005,8,5,103.0,26.0,42.0
695,4.8,12,2,8,2005,8,22,12.0,41.0,10.0
696,5.1,22,32,44,2005,8,24,79.0,39.0,40.0
697,5.1,7,16,57,2005,9,6,-162.0,65.0,3.0
698,4.9,3,27,53,2005,9,19,121.0,49.0,10.0
699,5.1,7,54,56,2005,9,24,-134.0,64.0,10.0
700,5.0,8,5,11,2005,10,2,-179.0,-32.0,189.0
701,5.5,4,32,25,2005,10,13,-155.0,-56.0,10.0
702,4.9,21,8,7,2005,10,19,72.0,-4.0,10.0
703,4.9,20,34,41,2005,10,22,-90.0,0.0,10.0
704,5.1,10,34,2,2005,10,31,92.0,17.0,10.0
705,4.9,16,9,2,2005,11,1,144.0,37.0,35.0
706,4.9,17,15,50,2005,11,7,108.0,9.0,10.0
707,5.1,7,54,39,2005,11,8,108.0,9.0,10.0
708,6.8,21,38,51,2005,11,14,144.0,38.0,11.0
709,4.9,12,26,36,2005,11,17,144.0,38.0,10.0
710,5.1,0,28,17,2005,11,25,145.0,38.0,10.0
711,5.4,0,49,37,2005,11,26,115.0,29.0,10.0
712,5.3,7,49,24,2006,1,24,143.0,10.0,33.0
713,5.4,16,40,50,2006,1,31,118.0,1.0,10.0
714,4.9,17,56,9,2006,2,7,123.0,0.0,60.0
715,5.0,3,52,40,2006,2,21,81.0,-7.0,17.0
716,7.5,22,19,7,2006,2,22,33.0,-21.0,11.0
717,5.5,1,23,42,2006,2,23,33.0,-21.0,10.0
718,5.0,21,32,5,2006,2,23,33.0,-21.0,10.0
719,5.2,18,20,46,2006,3,7,70.0,23.0,10.0
720,4.9,22,50,29,2006,3,7,63.0,40.0,25.0
721,5.3,11,52,54,2006,3,15,33.0,-21.0,10.0
722,5.5,14,19,48,2006,3,15,33.0,-21.0,10.0
723,5.5,14,21,35,2006,3,17,123.0,-5.0,0.0
724,4.9,16,23,42,2006,3,19,33.0,-21.0,12.0
725,5.1,11,35,13,2006,3,22,33.0,-21.0,10.0
726,5.0,6,14,41,2006,3,23,33.0,-21.0,10.0
727,4.9,12,23,17,2006,3,31,124.0,44.0,10.0
728,4.7,6,44,31,2006,4,2,3.0,34.0,10.0
729,4.9,12,2,54,2006,4,6,70.0,23.0,10.0
730,5.5,17,59,16,2006,4,6,70.0,23.0,10.0
731,5.3,18,41,39,2006,4,14,33.0,-21.0,26.0
732,5.1,16,35,22,2006,4,27,-105.0,-25.0,10.0
733,4.8,4,5,25,2006,5,3,147.0,-4.0,33.0
734,5.2,6,20,53,2006,5,7,56.0,30.0,14.0
735,4.8,18,12,18,2006,5,12,33.0,-21.0,20.0
736,4.8,15,3,8,2006,5,28,-169.0,-15.0,37.0
737,4.9,6,17,25,2006,6,8,33.0,-21.0,9.0
738,5.1,16,29,13,2006,6,8,-51.0,4.0,10.0
739,4.8,5,34,6,2006,6,23,70.0,23.0,10.0
740,4.5,8,7,30,2006,6,29,28.0,84.0,10.0
741,5.1,1,7,28,2006,6,30,33.0,-21.0,10.0
742,5.1,15,30,29,2006,7,10,-169.0,65.0,8.0
743,5.0,18,48,14,2006,7,11,33.0,-21.0,10.0
744,5.1,1,1,42,2006,7,27,142.0,10.0,26.0
745,5.8,19,53,43,2006,7,29,-63.0,23.0,10.0
746,4.7,10,59,45,2006,8,7,3.0,34.0,10.0
747,5.1,0,53,34,2006,8,23,33.0,-21.0,20.0
748,4.6,8,5,45,2006,8,30,77.0,39.0,10.0
749,5.3,1,57,40,2006,9,3,-170.0,-8.0,10.0
750,5.1,14,15,22,2006,9,5,-85.0,-42.0,10.0
751,5.9,14,56,8,2006,9,10,-86.0,26.0,14.0
752,4.9,10,33,8,2006,9,25,98.0,-9.0,10.0
753,4.3,18,46,2,2006,9,27,100.0,11.0,10.0
754,5.3,5,50,24,2006,9,30,105.0,-10.0,16.0
755,4.9,21,12,26,2006,10,7,100.0,11.0,10.0
756,6.7,17,7,49,2006,10,15,-155.0,19.0,38.0
757,6.0,17,14,12,2006,10,15,-155.0,20.0,18.0
758,4.9,7,4,51,2006,11,4,121.0,-4.0,10.0
759,5.1,20,16,6,2006,11,20,33.0,-21.0,10.0
760,5.1,19,20,10,2006,11,23,-155.0,19.0,37.0
761,5.2,6,33,26,2006,11,24,119.0,-3.0,31.0
762,5.2,2,39,14,2006,11,28,-159.0,-59.0,10.0
763,4.8,14,34,2,2006,11,29,-114.0,26.0,10.0
764,4.7,19,33,8,2006,12,1,-114.0,26.0,10.0
765,4.9,19,16,37,2006,12,6,132.0,1.0,28.0
766,4.9,14,46,39,2006,12,13,122.0,0.0,20.0
767,5.0,7,29,1,2006,12,26,112.0,-38.0,10.0
768,4.8,1,50,53,2007,1,7,1.0,61.0,10.0
769,4.8,10,47,6,2007,1,7,98.0,22.0,10.0
770,6.0,17,37,6,2007,1,13,156.0,46.0,10.0
771,5.2,23,40,11,2007,1,13,156.0,46.0,10.0
772,4.6,13,16,15,2007,1,14,155.0,46.0,10.0
773,5.0,7,58,41,2007,1,17,89.0,1.0,10.0
774,4.4,11,56,53,2007,1,20,128.0,37.0,10.0
775,4.9,13,35,18,2007,2,5,156.0,46.0,10.0
776,4.9,8,31,40,2007,2,15,171.0,-22.0,35.0
777,5.0,4,5,29,2007,2,24,116.0,1.0,11.0
778,4.9,8,48,59,2007,2,26,42.0,9.0,10.0
779,4.8,12,48,21,2007,3,15,126.0,-3.0,29.0
780,4.9,19,23,56,2007,3,30,30.0,37.0,5.0
781,4.9,22,0,34,2007,4,10,30.0,38.0,5.0
782,6.4,8,56,16,2007,5,16,100.0,20.0,23.0
783,5.7,23,11,26,2007,5,18,151.0,-7.0,35.0
784,5.6,19,9,15,2007,5,23,-96.0,21.0,10.0
785,6.3,21,34,57,2007,6,2,101.0,23.0,5.0
786,4.7,2,49,3,2007,6,3,101.0,23.0,10.0
787,5.5,14,29,48,2007,6,18,50.0,34.0,5.0
788,5.6,8,17,19,2007,6,23,99.0,21.0,22.0
789,5.2,8,27,48,2007,6,23,99.0,21.0,12.0
790,4.9,10,40,9,2007,7,2,122.0,0.0,27.0
791,5.1,6,11,7,2007,7,4,55.0,32.0,12.0
792,5.4,13,26,23,2007,7,5,-19.0,-42.0,10.0
793,4.7,15,58,22,2007,7,9,7.0,34.0,10.0
794,6.1,9,27,34,2007,7,15,168.0,-15.0,8.0
795,4.9,2,5,21,2007,7,20,121.0,0.0,44.0
796,5.1,8,48,9,2007,7,23,170.0,-21.0,60.0
797,6.1,14,46,26,2007,7,27,170.0,-21.0,10.0
798,5.3,15,32,50,2007,7,28,68.0,-49.0,10.0
799,6.0,0,41,15,2007,8,3,145.0,-62.0,10.0
800,4.9,14,38,12,2007,8,6,91.0,6.0,30.0
801,4.8,19,56,53,2007,8,13,171.0,-21.0,55.0
802,5.6,5,38,6,2007,8,14,-155.0,19.0,9.0
803,5.2,22,46,39,2007,8,28,-91.0,0.0,10.0
804,5.6,22,10,10,2007,8,29,-91.0,0.0,22.0
805,5.3,17,59,41,2007,9,15,-87.0,14.0,32.0
806,5.0,12,20,24,2007,9,19,118.0,-46.0,10.0
807,5.3,6,35,27,2007,9,22,-31.0,42.0,10.0
808,6.2,5,16,1,2007,9,25,180.0,-30.0,416.0
809,7.1,2,8,30,2007,9,30,145.0,10.0,14.0
810,5.8,15,2,18,2007,9,30,145.0,10.0,24.0
811,5.2,23,16,46,2007,10,1,145.0,10.0,37.0
812,5.3,17,14,44,2007,10,2,145.0,10.0,10.0
813,5.3,8,34,10,2007,10,7,-91.0,0.0,10.0
814,5.2,20,34,37,2007,10,23,119.0,5.0,48.0
815,5.1,21,15,55,2007,10,31,-48.0,3.0,10.0
816,5.7,20,35,37,2007,11,4,111.0,-67.0,10.0
817,5.0,9,38,5,2007,11,6,70.0,21.0,10.0
818,5.8,0,25,44,2007,11,12,145.0,10.0,10.0
819,4.7,15,16,8,2007,11,28,108.0,9.0,10.0
820,5.3,2,59,10,2007,11,29,33.0,-21.0,10.0
821,4.9,18,6,18,2007,12,13,33.0,38.0,5.0
822,5.7,9,48,30,2007,12,20,33.0,39.0,10.0
823,5.1,12,56,13,2007,12,23,39.0,-4.0,10.0
824,5.6,23,47,10,2007,12,26,33.0,39.0,8.0
825,5.2,11,44,29,2007,12,27,150.0,-63.0,10.0
826,5.4,11,15,48,2008,1,3,122.0,-5.0,10.0
827,4.8,14,43,10,2008,1,13,-96.0,4.0,10.0
828,5.1,11,12,12,2008,2,3,33.0,-21.0,10.0
829,5.9,5,56,47,2008,2,5,118.0,-3.0,13.0
830,6.1,2,46,17,2008,2,21,18.0,77.0,10.0
831,6.0,14,16,2,2008,2,21,-114.0,41.0,6.0
832,5.4,15,41,22,2008,2,29,-140.0,3.0,10.0
833,4.9,14,12,0,2008,4,6,-151.0,54.0,14.0
834,5.3,9,36,59,2008,4,18,-87.0,38.0,14.0
835,4.7,15,14,16,2008,4,18,-87.0,38.0,10.0
836,5.2,7,30,44,2008,4,20,26.0,-3.0,10.0
837,4.9,13,14,52,2008,4,26,51.0,50.0,10.0
838,4.9,8,0,21,2008,5,7,30.0,45.0,10.0
839,4.9,6,26,41,2008,5,18,118.0,4.0,10.0
840,5.2,1,25,24,2008,6,4,122.0,0.0,46.0
841,4.7,6,5,4,2008,6,10,122.0,49.0,24.0
842,6.0,8,37,17,2008,6,15,-107.0,-36.0,10.0
843,5.0,6,34,50,2008,6,16,172.0,-28.0,10.0
844,4.9,17,26,11,2008,6,17,127.0,53.0,10.0
845,5.2,23,10,2,2008,7,3,58.0,35.0,10.0
846,5.1,8,12,40,2008,7,23,112.0,-67.0,10.0
847,4.9,15,52,50,2008,8,15,-17.0,82.0,10.0
848,5.9,8,30,54,2008,8,30,101.0,26.0,17.0
849,5.5,8,31,10,2008,8,31,101.0,26.0,10.0
850,5.3,7,32,14,2008,9,13,167.0,-21.0,35.0
851,5.2,5,16,10,2008,9,20,-129.0,63.0,10.0
852,4.8,3,40,31,2008,9,30,169.0,-23.0,10.0
853,5.0,0,32,5,2008,10,3,169.0,-23.0,10.0
854,5.7,10,0,48,2008,10,7,-115.0,79.0,10.0
855,5.3,7,57,34,2008,10,8,-115.0,79.0,10.0
856,5.0,19,51,35,2008,10,14,68.0,4.0,10.0
857,4.9,23,23,45,2008,10,27,177.0,-17.0,66.0
858,4.9,14,30,13,2008,10,28,-157.0,66.0,15.0
859,4.9,14,3,18,2008,11,12,35.0,38.0,10.0
860,5.0,11,7,23,2008,11,13,26.0,-6.0,10.0
861,5.7,12,55,22,2008,11,17,-116.0,79.0,7.0
862,5.3,13,16,35,2008,11,17,172.0,-16.0,38.0
863,4.7,13,16,50,2008,11,17,-115.0,79.0,10.0
864,5.7,13,40,11,2008,11,17,-115.0,79.0,10.0
865,5.2,17,17,5,2008,11,17,-115.0,79.0,10.0
866,5.6,3,59,48,2008,11,18,-115.0,79.0,10.0
867,5.5,4,10,35,2008,11,18,-115.0,79.0,10.0
868,5.6,4,52,51,2008,11,18,-115.0,79.0,10.0
869,5.3,5,37,27,2008,11,18,-115.0,79.0,10.0
870,6.3,18,39,9,2008,12,8,106.0,-53.0,10.0
871,4.8,5,20,1,2008,12,16,13.0,55.0,10.0
872,4.7,20,20,51,2008,12,25,97.0,23.0,35.0
873,5.1,23,50,48,2009,1,19,-111.0,22.0,10.0
874,5.2,9,47,18,2009,3,9,-11.0,-16.0,10.0
875,5.2,1,46,58,2009,4,9,70.0,27.0,44.0
876,5.2,6,54,53,2009,4,15,-107.0,80.0,10.0
877,5.1,12,22,35,2009,4,21,168.0,64.0,10.0
878,5.1,20,23,25,2009,5,18,177.0,-19.0,18.0
879,4.9,6,38,32,2009,5,19,37.0,25.0,10.0
880,5.1,16,54,31,2009,5,19,37.0,25.0,10.0
881,5.7,17,35,0,2009,5,19,37.0,25.0,2.0
882,4.6,19,57,20,2009,5,19,37.0,25.0,10.0
883,5.6,15,26,25,2009,5,29,-107.0,-43.0,10.0
884,6.1,19,11,46,2009,7,7,-72.0,75.0,19.0
885,4.6,3,42,43,2009,7,8,-84.0,13.0,24.0
886,5.7,11,19,16,2009,7,9,101.0,25.0,7.0
887,5.0,9,2,3,2009,7,10,101.0,25.0,10.0
888,4.9,16,1,20,2009,7,12,101.0,25.0,10.0
889,5.3,20,32,30,2009,7,18,43.0,35.0,25.0
890,5.1,11,39,48,2009,7,19,95.0,-8.0,21.0
891,5.8,9,37,35,2009,8,13,-85.0,7.0,10.0
892,4.9,7,16,2,2009,8,30,-115.0,16.0,10.0
893,4.7,18,29,52,2009,9,10,32.0,37.0,5.0
894,4.8,1,58,30,2009,9,11,32.0,37.0,5.0
895,4.9,7,28,15,2009,9,15,98.0,-14.0,10.0
896,4.9,18,40,5,2009,9,24,169.0,-23.0,41.0
897,5.2,9,45,32,2009,9,25,-170.0,66.0,10.0
898,6.0,17,48,21,2009,10,15,-103.0,3.0,10.0
899,5.1,3,27,0,2009,11,6,69.0,-1.0,10.0
900,7.3,10,44,54,2009,11,9,178.0,-17.0,590.0
901,4.8,13,3,34,2009,11,14,73.0,17.0,10.0
902,5.1,17,22,28,2009,11,20,-82.0,10.0,26.0
903,5.3,4,20,36,2009,12,2,64.0,-20.0,10.0
904,5.2,0,41,50,2009,12,4,77.0,-29.0,10.0
905,4.8,14,9,6,2009,12,7,-87.0,-48.0,10.0
906,5.1,11,51,25,2009,12,12,73.0,17.0,10.0
907,4.9,6,41,12,2009,12,14,0.0,32.0,10.0
908,4.7,11,8,54,2009,12,29,15.0,32.0,10.0
909,4.8,2,24,25,2010,1,7,171.0,-21.0,35.0
910,5.8,8,3,22,2010,1,21,-110.0,8.0,10.0
911,5.2,10,21,42,2010,2,9,-179.0,-38.0,33.0
912,5.3,9,18,20,2010,2,11,81.0,-39.0,10.0
913,5.4,11,57,58,2010,2,24,165.0,-30.0,10.0
914,5.0,4,56,55,2010,2,25,101.0,25.0,36.0
915,5.0,9,39,42,2010,3,4,145.0,-1.0,59.0
916,6.3,7,5,23,2010,3,7,-115.0,-16.0,10.0
917,4.7,19,53,38,2010,3,19,100.0,21.0,18.0
918,5.1,7,57,22,2010,4,12,18.0,76.0,10.0
919,5.1,16,35,12,2010,4,15,-66.0,71.0,10.0
920,4.6,18,38,45,2010,4,25,170.0,-25.0,1.0
921,6.5,2,59,52,2010,4,26,123.0,22.0,21.0
922,6.7,23,11,43,2010,4,30,-177.0,60.0,13.0
923,6.3,23,16,28,2010,4,30,-177.0,60.0,14.0
924,5.0,17,4,16,2010,5,1,-175.0,60.0,10.0
925,4.7,21,17,18,2010,5,2,169.0,-23.0,39.0
926,5.7,5,39,28,2010,5,8,122.0,0.0,20.0
927,4.3,19,48,59,2010,5,11,-177.0,60.0,42.0
928,6.5,8,53,8,2010,5,26,129.0,25.0,10.0
929,4.9,15,58,14,2010,6,1,99.0,24.0,58.0
930,4.9,12,13,24,2010,6,13,34.0,0.0,10.0
931,5.5,17,41,41,2010,6,23,-75.0,45.0,22.0
932,6.3,11,43,32,2010,7,10,146.0,11.0,13.0
933,5.1,2,24,5,2010,7,11,46.0,-61.0,10.0
934,5.0,17,13,24,2010,7,24,-177.0,60.0,10.0
935,5.0,19,17,56,2010,7,24,114.0,-12.0,10.0
936,5.5,13,50,13,2010,7,30,59.0,35.0,24.0
937,5.8,6,52,57,2010,7,31,56.0,29.0,4.0
938,5.7,19,23,49,2010,8,27,54.0,35.0,7.0
939,5.2,6,43,28,2010,8,29,-105.0,-41.0,10.0
940,5.3,6,0,32,2010,9,12,148.0,-63.0,10.0
941,5.2,2,25,2,2010,10,29,63.0,-12.0,10.0
942,5.0,17,8,4,2010,11,18,122.0,-6.0,28.0
943,4.9,4,34,11,2010,11,24,-156.0,20.0,12.0
944,5.4,15,59,19,2010,12,12,117.0,-5.0,31.0
945,4.7,18,50,19,2010,12,30,103.0,20.0,10.0
946,5.2,20,45,58,2010,12,30,-97.0,-8.0,10.0
947,5.5,3,9,58,2011,1,7,90.0,4.0,17.0
948,4.8,8,33,18,2011,1,16,-26.0,17.0,10.0
949,4.7,7,24,31,2011,1,26,108.0,9.0,35.0
950,4.4,5,0,52,2011,2,21,177.0,-19.0,59.0
951,4.8,5,0,50,2011,2,28,-92.0,35.0,3.0
952,5.1,15,8,48,2011,3,13,144.0,36.0,21.0
953,5.1,22,4,41,2011,3,13,144.0,37.0,28.0
954,4.7,16,25,47,2011,3,14,178.0,-19.0,35.0
955,5.0,15,34,34,2011,3,17,79.0,40.0,32.0
956,5.2,21,9,32,2011,3,18,145.0,37.0,1.0
957,7.1,13,55,11,2011,3,24,99.0,20.0,8.0
958,5.4,15,54,35,2011,3,24,99.0,20.0,10.0
959,5.0,0,22,39,2011,3,25,99.0,20.0,10.0
960,4.8,5,57,33,2011,3,26,100.0,20.0,27.0
961,4.8,6,5,24,2011,4,8,120.0,-42.0,10.0
962,5.3,5,31,18,2011,4,16,147.0,-20.0,7.0
963,5.3,18,41,18,2011,4,17,113.0,-19.0,10.0
964,6.1,23,7,51,2011,4,24,122.0,-4.0,8.0
965,5.3,2,31,29,2011,5,1,77.0,43.0,23.0
966,5.3,16,47,25,2011,5,11,-1.0,37.0,1.0
967,5.2,8,33,21,2011,5,21,-166.0,65.0,19.0
968,5.9,18,24,1,2011,5,29,101.0,-7.0,13.0
969,4.9,19,52,8,2011,6,5,-109.0,20.0,10.0
970,5.5,15,32,49,2011,6,10,-122.0,-6.0,10.0
971,5.3,10,16,55,2011,6,20,98.0,25.0,39.0
972,5.2,19,47,0,2011,6,26,57.0,30.0,13.0
973,5.3,19,21,48,2011,7,7,7.0,42.0,10.0
974,5.5,8,53,58,2011,7,11,121.0,-4.0,35.0
975,4.8,11,38,40,2011,7,11,121.0,-4.0,37.0
976,5.2,13,55,53,2011,7,21,25.0,-15.0,7.0
977,5.3,0,56,25,2011,7,27,152.0,14.0,79.0
978,5.0,9,58,15,2011,7,27,31.0,38.0,10.0
979,6.2,14,34,47,2011,7,31,171.0,-17.0,10.0
980,4.6,23,24,33,2011,8,2,43.0,9.0,10.0
981,5.8,22,39,23,2011,8,3,148.0,-5.0,10.0
982,5.2,22,48,9,2011,8,3,148.0,-5.0,10.0
983,5.7,6,22,34,2011,8,7,168.0,-11.0,403.0
984,5.0,11,50,22,2011,8,9,98.0,24.0,40.0
985,4.8,15,20,9,2011,8,15,171.0,-17.0,20.0
986,5.9,17,51,4,2011,8,23,-77.0,37.0,6.0
987,5.2,4,7,35,2011,9,6,-60.0,21.0,10.0
988,4.5,19,11,7,2011,9,25,171.0,-16.0,10.0
989,5.3,1,2,56,2011,9,26,-126.0,63.0,1.0
990,5.1,14,47,16,2011,10,9,38.0,-26.0,1.0
991,5.1,17,13,43,2011,10,11,-109.0,-26.0,14.0
992,6.1,6,10,14,2011,10,14,123.0,54.0,12.0
993,4.8,12,24,41,2011,10,20,-98.0,28.0,5.0
994,4.9,17,18,37,2011,10,20,70.0,21.0,35.0
995,5.0,7,12,45,2011,11,5,-96.0,35.0,3.0
996,5.7,3,53,10,2011,11,6,-96.0,35.0,5.0
997,5.0,2,46,57,2011,11,8,-96.0,35.0,5.0
998,5.6,21,52,20,2011,11,9,146.0,10.0,10.0
999,5.7,4,34,3,2011,11,18,179.0,-37.0,33.0
1000,5.7,22,53,36,2011,12,1,121.0,0.0,10.0
1001,5.1,19,10,0,2011,12,5,114.0,-21.0,15.0
1002,4.5,1,37,28,2011,12,16,171.0,-17.0,54.0
1003,5.2,23,18,3,2011,12,16,102.0,-10.0,10.0
1004,4.7,15,1,4,2011,12,18,12.0,36.0,16.0
1005,5.6,0,30,54,2011,12,29,-139.0,-58.0,10.0
1006,5.2,1,45,39,2012,1,10,171.0,-16.0,10.0
1007,4.7,10,18,2,2012,1,19,-82.0,-3.0,34.0
1008,5.2,16,4,9,2012,1,25,-122.0,-6.0,10.0
1009,5.4,4,9,34,2012,2,4,105.0,42.0,2.0
1010,4.8,20,18,38,2012,2,23,-118.0,-35.0,10.0
1011,5.4,18,48,55,2012,2,27,56.0,31.0,10.0
1012,4.6,6,50,37,2012,3,5,44.0,35.0,32.0
1013,5.9,22,50,8,2012,3,8,81.0,39.0,38.0
1014,5.7,9,25,14,2012,3,23,131.0,-26.0,7.0
1015,4.8,4,43,51,2012,3,24,14.0,-20.0,10.0
1016,4.8,1,42,34,2012,4,10,67.0,4.0,10.0
1017,5.4,22,51,57,2012,4,11,89.0,2.0,6.0
1018,5.8,23,56,32,2012,4,11,89.0,1.0,10.0
1019,4.9,12,48,11,2012,4,13,89.0,3.0,10.0
1020,6.2,5,57,40,2012,4,15,90.0,2.0,25.0
1021,4.7,2,13,55,2012,4,29,89.0,2.0,13.0
1022,5.7,8,0,10,2012,4,30,89.0,1.0,10.0
1023,5.2,10,19,36,2012,5,3,98.0,40.0,10.0
1024,5.1,16,23,43,2012,5,4,89.0,2.0,10.0
1025,4.9,1,57,11,2012,5,5,44.0,35.0,10.0
1026,4.6,3,34,0,2012,5,5,86.0,3.0,10.0
1027,4.9,12,8,43,2012,5,5,87.0,4.0,10.0
1028,5.0,9,16,34,2012,5,8,144.0,37.0,31.0
1029,4.8,8,40,32,2012,5,14,86.0,4.0,10.0
1030,5.1,5,19,55,2012,5,15,89.0,2.0,10.0
1031,4.8,8,12,1,2012,5,17,-94.0,31.0,5.0
1032,4.6,16,44,14,2012,5,28,118.0,4.0,39.0
1033,5.5,5,7,1,2012,6,1,-148.0,-77.0,12.0
1034,5.5,5,52,53,2012,6,14,42.0,37.0,5.0
1035,4.5,5,11,32,2012,6,18,130.0,48.0,10.0
1036,4.5,22,9,50,2012,6,18,6.0,39.0,10.0
1037,5.2,10,53,29,2012,6,19,146.0,-38.0,11.0
1038,5.0,20,14,5,2012,6,19,70.0,23.0,28.0
1039,5.5,21,27,29,2012,6,23,90.0,2.0,16.0
1040,5.8,15,31,46,2012,6,29,-9.0,-24.0,10.0
1041,4.5,5,3,40,2012,7,3,14.0,34.0,1.0
1042,4.4,9,1,52,2012,7,7,86.0,3.0,10.0
1043,4.9,12,11,52,2012,7,20,119.0,32.0,10.0
1044,4.9,6,13,3,2012,7,25,89.0,1.0,10.0
1045,4.8,15,25,17,2012,8,2,89.0,1.0,10.0
1046,5.1,6,6,10,2012,8,3,164.0,-76.0,10.0
1047,5.3,9,34,22,2012,8,11,78.0,39.0,21.0
1048,5.0,3,21,21,2012,9,11,99.0,24.0,10.0
1049,5.4,21,52,16,2012,9,12,82.0,-24.0,10.0
1050,4.9,6,7,26,2012,9,16,90.0,3.0,10.0
1051,4.9,10,15,39,2012,9,18,167.0,-20.0,68.0
1052,4.9,1,52,25,2012,9,30,89.0,2.0,10.0
1053,4.7,22,23,21,2012,10,3,97.0,46.0,10.0
1054,4.5,20,41,27,2012,10,13,-113.0,25.0,8.0
1055,5.1,3,35,10,2012,10,19,30.0,32.0,9.0
1056,4.5,10,7,14,2012,11,4,-122.0,-6.0,10.0
1057,5.3,5,51,42,2012,11,9,124.0,-42.0,10.0
1058,4.7,14,23,7,2012,12,2,89.0,2.0,5.0
1059,5.0,12,53,22,2012,12,3,57.0,30.0,5.0
1060,5.1,2,24,28,2012,12,6,90.0,2.0,30.0
1061,5.1,6,16,57,2012,12,8,144.0,-7.0,35.0
1062,5.0,19,0,7,2012,12,8,144.0,-7.0,10.0
1063,6.4,10,36,1,2012,12,14,-119.0,31.0,13.0
1064,5.1,8,46,31,2012,12,25,101.0,-7.0,20.0
1065,5.5,19,48,58,2013,1,21,57.0,30.0,10.0
1066,5.3,23,37,1,2013,1,25,43.0,-23.0,10.0
1067,5.0,23,39,0,2013,2,6,164.0,-11.0,10.0
1068,4.9,2,47,1,2013,2,19,103.0,27.0,10.0
1069,4.8,11,52,4,2013,2,19,167.0,-10.0,10.0
1070,4.9,14,17,42,2013,2,19,105.0,31.0,3.0
1071,5.5,23,37,59,2013,2,25,-87.0,-48.0,10.0
1072,5.5,3,7,4,2013,3,13,-131.0,-8.0,10.0
1073,5.8,3,12,52,2013,3,13,163.0,60.0,5.0
1074,5.1,14,18,57,2013,3,22,-21.0,-55.0,10.0
1075,4.8,15,26,34,2013,4,1,90.0,2.0,8.0
1076,4.8,23,2,53,2013,4,11,-43.0,60.0,11.0
1077,4.8,23,21,29,2013,4,20,124.0,35.0,10.0
1078,5.0,10,30,45,2013,4,29,-99.0,5.0,10.0
1079,5.2,13,43,23,2013,5,17,-76.0,45.0,14.0
1080,4.7,12,25,15,2013,5,26,115.0,-1.0,36.0
1081,5.3,11,11,8,2013,5,31,-122.0,-6.0,10.0
1082,5.3,0,12,39,2013,6,5,-155.0,18.0,40.0
1083,4.8,19,23,2,2013,6,5,117.0,2.0,16.0
1084,5.6,14,22,15,2013,6,9,131.0,-26.0,0.0
1085,4.8,8,5,52,2013,6,10,-167.0,56.0,15.0
1086,4.3,2,25,35,2013,6,18,87.0,6.0,15.0
1087,5.6,23,2,9,2013,6,18,86.0,54.0,9.0
1088,5.5,17,16,46,2013,7,10,148.0,-4.0,11.0
1089,5.0,19,36,47,2013,7,10,149.0,-4.0,11.0
1090,4.3,1,12,3,2013,7,12,147.0,-5.0,45.0
1091,4.7,7,24,7,2013,7,12,148.0,-4.0,9.0
1092,5.3,23,41,14,2013,7,16,97.0,5.0,29.0
1093,4.5,15,8,50,2013,7,22,131.0,51.0,10.0
1094,4.6,20,19,57,2013,8,4,131.0,0.0,36.0
1095,4.3,13,17,24,2013,8,10,178.0,-19.0,46.0
1096,5.0,15,44,48,2013,8,16,121.0,0.0,11.0
1097,4.8,14,54,17,2013,8,18,122.0,0.0,17.0
1098,5.0,22,0,41,2013,8,27,56.0,32.0,8.0
1099,5.0,18,57,20,2013,9,8,179.0,28.0,10.0
1100,4.6,9,23,41,2013,9,15,-105.0,27.0,8.0
1101,5.4,12,16,12,2013,9,21,-105.0,27.0,10.0
1102,4.8,12,42,15,2013,9,21,-105.0,27.0,10.0
1103,5.0,12,25,25,2013,9,30,148.0,-5.0,44.0
1104,4.7,11,19,1,2013,10,4,-105.0,27.0,8.0
1105,4.5,9,22,16,2013,10,14,122.0,-5.0,18.0
1106,4.4,15,8,31,2013,10,18,10.0,35.0,20.0
1107,4.7,3,8,51,2013,10,21,90.0,3.0,10.0
1108,7.1,17,10,19,2013,10,25,144.0,37.0,35.0
1109,5.5,21,27,34,2013,10,25,144.0,37.0,10.0
1110,5.5,18,13,6,2013,10,27,144.0,37.0,20.0
1111,5.1,3,3,34,2013,10,31,124.0,44.0,10.0
1112,4.7,3,10,6,2013,10,31,124.0,44.0,10.0
1113,5.1,20,47,6,2013,11,5,89.0,1.0,9.0
1114,4.8,9,3,5,2013,11,10,-150.0,-56.0,10.0
1115,5.0,1,51,15,2013,11,13,90.0,2.0,13.0
1116,5.7,10,26,43,2013,11,16,90.0,4.0,10.0
1117,5.5,17,37,14,2013,11,17,-11.0,-10.0,10.0
1118,5.1,3,57,4,2013,11,20,-150.0,-56.0,10.0
1119,4.9,8,18,51,2013,11,22,124.0,44.0,17.0
1120,5.3,22,4,25,2013,11,22,124.0,44.0,10.0
1121,4.9,8,23,53,2013,11,28,100.0,25.0,10.0
1122,5.3,19,20,15,2013,11,30,26.0,-1.0,5.0
1123,4.9,8,14,2,2013,12,1,26.0,0.0,10.0
1124,5.0,8,34,24,2013,12,1,78.0,40.0,7.0
1125,4.9,18,49,36,2013,12,6,96.0,0.0,29.0
1126,4.5,18,10,24,2013,12,7,-97.0,35.0,8.0
1127,5.1,4,28,51,2013,12,13,121.0,0.0,47.0
1128,5.2,11,58,59,2013,12,20,169.0,-24.0,18.0
1129,5.3,8,23,48,2013,12,21,-92.0,-35.0,10.0
1130,5.2,16,45,49,2013,12,23,-66.0,25.0,2.0
1131,5.4,17,46,3,2013,12,27,-18.0,27.0,7.0
1132,5.0,20,57,43,2014,1,9,-80.0,23.0,10.0
1133,4.6,2,24,23,2014,3,5,-119.0,31.0,7.0
1134,4.6,14,20,59,2014,3,15,69.0,-49.0,10.0
1135,4.7,14,57,1,2014,3,15,69.0,-49.0,15.0
1136,5.8,13,24,48,2014,3,17,-32.0,-53.0,6.0
1137,5.5,8,49,41,2014,3,26,131.0,28.0,10.0
1138,5.4,4,0,15,2014,3,27,86.0,4.0,13.0
1139,5.1,12,34,9,2014,4,21,91.0,4.0,10.0
1140,4.8,4,3,32,2014,4,30,25.0,38.0,32.0
1141,5.3,15,21,13,2014,5,1,130.0,6.0,6.0
1142,4.9,14,11,45,2014,5,7,102.0,25.0,28.0
1143,5.7,12,13,27,2014,5,17,-146.0,-54.0,5.0
1144,5.0,20,5,8,2014,5,20,170.0,-68.0,16.0
1145,6.0,16,21,54,2014,5,21,88.0,18.0,47.0
1146,5.7,10,7,12,2014,6,1,89.0,2.0,20.0
1147,5.0,23,46,56,2014,6,2,171.0,-21.0,10.0
1148,6.5,11,10,59,2014,6,14,91.0,-10.0,4.0
1149,5.3,13,26,46,2014,6,16,-81.0,11.0,20.0
1150,5.0,11,10,41,2014,6,27,144.0,36.0,35.0
1151,5.0,21,52,48,2014,7,8,78.0,39.0,10.0
1152,4.3,22,57,15,2014,7,8,-116.0,30.0,10.0
1153,4.5,0,28,54,2014,7,16,-127.0,62.0,7.0
1154,4.7,5,33,26,2014,7,18,-161.0,67.0,13.0
1155,5.1,17,11,16,2014,7,26,-15.0,-21.0,14.0
1156,5.1,7,16,40,2014,7,29,87.0,-10.0,10.0
1157,6.9,0,22,3,2014,8,3,146.0,0.0,13.0
1158,6.2,8,30,13,2014,8,3,103.0,27.0,12.0
1159,5.2,9,40,19,2014,8,4,146.0,0.0,10.0
1160,4.6,1,39,16,2014,8,5,146.0,0.0,12.0
1161,5.4,10,22,34,2014,8,5,26.0,-26.0,5.0
1162,4.6,22,7,29,2014,8,12,146.0,0.0,19.0
1163,5.2,8,49,48,2014,8,13,146.0,0.0,16.0
1164,4.9,17,25,6,2014,8,14,146.0,0.0,9.0
1165,5.1,19,43,30,2014,8,24,30.0,37.0,7.0
1166,5.1,4,14,5,2014,8,31,-32.0,-53.0,10.0
1167,5.4,23,41,30,2014,9,2,-112.0,-11.0,10.0
1168,5.1,11,46,21,2014,9,7,146.0,0.0,16.0
1169,5.1,0,26,25,2014,9,9,120.0,5.0,14.0
1170,4.7,21,33,8,2014,9,19,146.0,0.0,10.0
1171,5.3,14,52,32,2014,10,5,132.0,-1.0,3.0
1172,6.1,13,49,39,2014,10,7,100.0,23.0,8.0
1173,4.7,20,21,27,2014,10,7,171.0,-21.0,43.0
1174,5.3,18,25,41,2014,11,2,29.0,-10.0,10.0
1175,4.8,12,41,5,2014,11,5,89.0,2.0,10.0
1176,4.7,4,42,40,2014,11,9,-97.0,76.0,10.0
1177,4.9,21,40,0,2014,11,12,-97.0,37.0,4.0
1178,5.4,13,45,27,2014,11,22,66.0,36.0,22.0
1179,4.9,18,3,3,2014,11,30,90.0,3.0,17.0
1180,5.6,18,43,46,2014,12,5,100.0,23.0,11.0
1181,5.6,10,20,1,2014,12,6,100.0,23.0,10.0
1182,5.3,10,45,24,2014,12,16,-150.0,-56.0,0.0
1183,4.8,17,58,29,2014,12,17,-150.0,-56.0,10.0
1184,5.1,2,22,39,2014,12,19,-150.0,-56.0,10.0
1185,4.7,22,58,32,2014,12,19,175.0,-49.0,11.0
1186,5.8,7,19,41,2014,12,22,-146.0,-54.0,14.0
1187,5.3,12,6,27,2014,12,27,-150.0,-56.0,10.0
1188,5.2,11,3,36,2014,12,30,-150.0,-56.0,10.0
1189,5.3,22,7,30,2015,1,2,-150.0,-56.0,10.0
1190,5.3,14,35,29,2015,1,4,-150.0,-56.0,10.0
1191,5.0,2,11,13,2015,1,6,-150.0,-56.0,10.0
1192,5.2,20,29,13,2015,1,15,-11.0,-26.0,10.0
1193,5.5,17,19,45,2015,1,19,119.0,4.0,11.0
1194,4.8,3,24,56,2015,1,31,-168.0,56.0,8.0
1195,5.3,12,38,31,2015,1,31,-168.0,56.0,10.0
1196,4.8,17,16,17,2015,1,31,-169.0,56.0,19.0
1197,5.4,17,39,11,2015,1,31,-169.0,56.0,5.0
1198,5.1,20,47,11,2015,1,31,-169.0,56.0,12.0
1199,5.1,11,20,25,2015,2,1,-169.0,56.0,10.0
1200,5.3,17,40,31,2015,2,1,-169.0,56.0,10.0
1201,5.9,8,25,48,2015,2,2,145.0,-1.0,14.0
1202,5.3,13,32,54,2015,2,5,89.0,-21.0,10.0
1203,4.6,2,11,41,2015,2,12,-75.0,72.0,18.0
1204,4.9,15,57,10,2015,2,15,151.0,-25.0,15.0
1205,5.1,11,48,24,2015,2,22,-3.0,-29.0,10.0
1206,5.7,1,31,41,2015,2,25,119.0,6.0,9.0
1207,5.2,10,24,41,2015,3,1,98.0,23.0,10.0
1208,4.6,11,22,13,2015,3,15,5.0,35.0,10.0
1209,5.4,22,47,35,2015,3,15,-11.0,-26.0,15.0
1210,6.1,23,17,16,2015,3,15,122.0,0.0,31.0
1211,4.8,22,55,57,2015,3,21,5.0,35.0,10.0
1212,5.1,18,12,27,2015,3,22,89.0,1.0,15.0
1213,5.3,19,55,51,2015,3,24,-87.0,-48.0,15.0
1214,4.8,6,4,16,2015,4,3,89.0,1.0,10.0
1215,4.7,3,53,51,2015,4,13,-121.0,17.0,10.0
1216,5.4,1,34,55,2015,4,24,-127.0,40.0,10.0
1217,5.1,13,32,40,2015,4,28,152.0,6.0,14.0
1218,5.0,21,28,30,2015,5,5,58.0,35.0,8.0
1219,4.8,10,37,41,2015,5,31,146.0,-1.0,10.0
1220,6.0,23,15,43,2015,6,4,116.0,5.0,10.0
1221,4.6,3,12,15,2015,6,11,-97.0,10.0,15.0
1222,5.3,18,29,15,2015,6,12,116.0,6.0,7.0
1223,4.9,8,10,10,2015,6,28,-155.0,19.0,8.0
1224,5.1,12,51,49,2015,7,23,144.0,37.0,35.0
1225,4.9,16,10,41,2015,7,25,57.0,30.0,11.0
1226,4.5,18,12,15,2015,7,27,-97.0,35.0,5.0
1227,5.5,23,41,40,2015,7,29,154.0,-25.0,9.0
1228,5.2,10,6,31,2015,7,31,57.0,30.0,11.0
1229,5.4,3,38,44,2015,8,1,154.0,-25.0,10.0
1230,5.2,4,46,24,2015,8,1,154.0,-25.0,10.0
1231,4.7,3,16,12,2015,8,4,177.0,-19.0,31.0
1232,5.1,22,15,47,2015,8,19,28.0,-9.0,14.0
1233,4.8,23,43,27,2015,9,8,39.0,-7.0,10.0
1234,5.0,23,39,18,2015,9,12,122.0,0.0,18.0
1235,4.6,23,24,13,2015,9,25,111.0,54.0,11.0
1236,4.8,4,28,32,2015,10,2,-107.0,-45.0,10.0
1237,5.2,11,26,43,2015,10,30,99.0,25.0,24.0
1238,4.8,0,23,2,2015,11,17,167.0,-10.0,35.0
1239,4.7,7,42,12,2015,11,19,-98.0,36.0,5.0
1240,4.7,10,59,11,2015,11,28,-71.0,3.0,15.0
1241,4.7,9,49,12,2015,11,30,-98.0,36.0,5.0
1242,7.1,22,25,0,2015,12,4,85.0,-47.0,35.0
1243,4.8,23,14,16,2015,12,5,145.0,-1.0,10.0
1244,5.0,22,5,36,2015,12,11,85.0,-47.0,10.0
1245,6.1,18,47,36,2015,12,20,117.0,3.0,14.0
1246,4.9,6,11,3,2015,12,25,-23.0,-54.0,10.0
1247,4.9,19,24,56,2015,12,27,-120.0,25.0,10.0
1248,4.7,4,27,57,2016,1,7,-98.0,36.0,4.0
1249,5.0,17,40,49,2016,1,10,34.0,39.0,10.0
1250,5.1,17,7,6,2016,2,13,-98.0,36.0,8.0
1251,5.8,18,8,46,2016,2,23,145.0,-63.0,10.0
1252,7.8,12,49,48,2016,3,2,94.0,-4.0,24.0
1253,5.6,0,10,50,2016,3,3,94.0,-4.0,10.0
1254,4.7,12,52,59,2016,3,3,94.0,-4.0,10.0
1255,5.4,20,20,54,2016,3,4,94.0,-4.0,10.0
1256,4.7,2,41,24,2016,3,5,94.0,-4.0,14.0
1257,5.1,10,32,7,2016,3,29,20.0,77.0,10.0
1258,4.9,18,9,41,2016,4,5,146.0,0.0,5.0
1259,5.0,23,34,35,2016,4,11,144.0,-63.0,10.0
1260,6.0,18,21,52,2016,4,13,122.0,7.0,17.0
1261,5.6,10,51,42,2016,4,20,-55.0,13.0,28.0
1262,5.2,19,38,11,2016,4,22,94.0,-4.0,15.0
1263,4.9,15,15,37,2016,5,7,89.0,2.0,10.0
1264,5.0,9,44,38,2016,5,10,118.0,-16.0,10.0
1265,6.0,18,14,4,2016,5,20,129.0,-25.0,10.0
1266,4.9,17,43,28,2016,5,24,45.0,14.0,10.0
1267,5.0,5,19,6,2016,6,26,146.0,12.0,33.0
1268,4.7,11,33,3,2016,7,5,129.0,35.0,10.0
1269,5.2,9,40,50,2016,7,8,122.0,-32.0,0.0
1270,4.7,16,37,1,2016,7,9,78.0,39.0,22.0
1271,5.2,18,58,26,2016,7,15,82.0,-23.0,12.0
1272,4.9,9,18,13,2016,7,31,111.0,24.0,22.0
1273,5.6,7,42,51,2016,8,1,82.0,-23.0,10.0
1274,5.4,10,29,22,2016,8,1,82.0,-23.0,10.0
1275,5.0,9,40,52,2016,8,5,100.0,-6.0,10.0
1276,5.5,12,34,15,2016,8,5,82.0,-23.0,10.0
1277,5.3,4,19,12,2016,8,6,132.0,4.0,6.0
1278,4.8,8,15,5,2016,8,7,37.0,47.0,10.0
1279,5.7,4,30,8,2016,8,18,148.0,-19.0,10.0
1280,5.0,9,55,1,2016,8,28,-34.0,38.0,14.0
1281,5.8,12,2,44,2016,9,3,-96.0,36.0,5.0
1282,4.8,21,14,16,2016,9,4,177.0,-19.0,39.0
1283,5.9,12,27,33,2016,9,10,31.0,-1.0,40.0
1284,4.9,10,44,33,2016,9,12,129.0,35.0,10.0
1285,5.4,11,32,55,2016,9,12,129.0,35.0,13.0
1286,5.6,20,6,11,2016,9,22,33.0,-21.0,10.0
1287,4.6,20,32,39,2016,9,22,160.0,-59.0,10.0
1288,5.2,20,15,9,2016,9,26,177.0,-19.0,10.0
1289,5.0,20,30,45,2016,9,26,177.0,-19.0,10.0
1290,4.7,20,45,20,2016,9,26,177.0,-19.0,10.0
1291,5.1,5,27,29,2016,9,30,159.0,-59.0,10.0
1292,4.9,4,29,45,2016,10,8,-57.0,20.0,10.0
1293,4.8,12,48,26,2016,10,9,2.0,62.0,10.0
1294,4.9,22,30,55,2016,10,11,75.0,5.0,10.0
1295,5.0,10,39,13,2016,10,12,144.0,10.0,10.0
1296,5.1,8,18,32,2016,10,15,30.0,42.0,6.0
1297,4.8,15,10,31,2016,10,20,56.0,30.0,10.0
1298,5.0,1,44,24,2016,11,7,-96.0,35.0,4.0
1299,4.9,11,16,25,2016,11,14,-117.0,21.0,10.0
1300,5.2,7,42,24,2016,11,18,6.0,34.0,26.0
1301,4.7,16,13,54,2016,11,27,43.0,-16.0,13.0
1302,4.6,2,31,8,2016,12,12,125.0,53.0,10.0
1303,6.0,23,47,14,2017,1,8,-92.0,74.0,31.0
1304,5.2,17,55,35,2017,1,9,-92.0,74.0,18.0
1305,5.5,9,38,31,2017,1,24,146.0,12.0,10.0
1306,5.2,13,23,55,2017,2,6,-150.0,-56.0,10.0
1307,5.3,18,23,23,2017,2,6,-150.0,-56.0,10.0
1308,4.9,11,11,42,2017,2,8,103.0,27.0,10.0
1309,5.2,19,10,10,2017,2,9,-150.0,-56.0,10.0
1310,5.4,4,27,59,2017,2,11,-150.0,-57.0,10.0
1311,4.9,9,46,8,2017,2,24,166.0,-48.0,10.0
1312,5.3,3,6,21,2017,3,6,178.0,-19.0,35.0
1313,4.8,12,21,23,2017,3,12,103.0,27.0,37.0
1314,6.5,17,40,18,2017,4,3,25.0,-22.0,29.0
1315,5.6,9,44,5,2017,4,16,83.0,-7.0,10.0
1316,4.7,9,13,10,2017,4,18,100.0,20.0,9.0
1317,4.8,13,59,12,2017,5,31,15.0,77.0,3.0
1318,4.7,17,1,19,2017,6,8,-155.0,19.0,7.0
1319,5.6,5,42,14,2017,6,10,-146.0,-54.0,10.0
1320,5.0,13,33,44,2017,6,30,1.0,58.0,10.0
1321,4.9,23,13,36,2017,7,22,124.0,45.0,10.0
1322,5.2,17,32,14,2017,7,23,57.0,30.0,10.0
1323,5.8,12,8,38,2017,7,27,126.0,-3.0,15.0
1324,6.0,17,53,24,2017,7,27,-49.0,13.0,10.0
1325,5.3,0,16,12,2017,8,2,-49.0,13.0,10.0
1326,4.9,4,21,50,2017,8,6,128.0,-19.0,4.0
1327,4.7,14,50,43,2017,8,15,5.0,35.0,10.0
1328,6.3,4,17,51,2017,8,27,148.0,-1.0,8.0
1329,5.4,13,52,19,2017,8,27,148.0,-1.0,10.0
1330,4.9,5,0,47,2017,8,29,95.0,-38.0,10.0
1331,5.2,8,7,2,2017,8,30,-101.0,13.0,10.0
1332,5.0,21,7,41,2017,9,1,152.0,58.0,13.0
1333,4.7,5,15,12,2017,9,14,148.0,-1.0,10.0
1334,5.9,22,13,35,2017,9,20,147.0,-5.0,10.0
1335,5.2,22,17,24,2017,9,20,147.0,-5.0,10.0
1336,5.7,20,39,4,2017,10,3,-49.0,13.0,10.0
1337,5.0,9,5,8,2017,10,9,95.0,-7.0,10.0
1338,5.0,14,37,18,2017,10,18,54.0,31.0,10.0
1339,4.7,16,26,20,2017,10,26,128.0,53.0,9.0
1340,4.6,17,32,59,2017,11,5,-173.0,64.0,10.0
1341,5.9,22,24,6,2017,11,12,144.0,37.0,10.0
1342,5.5,5,29,32,2017,11,15,129.0,36.0,10.0
1343,4.8,3,40,26,2017,11,16,168.0,-22.0,10.0
1344,6.1,2,32,46,2017,12,1,57.0,30.0,9.0
1345,5.4,3,35,1,2017,12,1,57.0,30.0,10.0
1346,5.2,10,47,4,2017,12,2,57.0,30.0,10.0
1347,6.0,8,43,18,2017,12,12,57.0,30.0,12.0
1348,6.0,21,41,31,2017,12,12,57.0,30.0,8.0
1349,4.9,19,57,38,2017,12,20,50.0,35.0,10.0
1350,5.2,17,4,46,2017,12,21,56.0,31.0,10.0
1351,5.2,17,56,6,2017,12,25,161.0,-7.0,21.0
1352,5.0,18,1,15,2017,12,27,57.0,30.0,10.0
1353,5.0,3,18,30,2018,1,11,57.0,30.0,10.0
1354,4.9,13,35,33,2018,1,11,57.0,30.0,10.0
1355,4.9,16,37,48,2018,2,5,26.0,-8.0,10.0
1356,4.7,20,3,3,2018,2,10,129.0,36.0,5.0
1357,5.2,13,6,13,2018,3,8,116.0,6.0,10.0
1358,5.0,16,51,42,2018,3,8,-87.0,-48.0,10.0
1359,4.8,22,8,20,2018,3,11,-91.0,0.0,10.0
1360,4.6,12,16,3,2018,4,7,-97.0,36.0,5.0
1361,4.6,10,22,20,2018,4,9,-97.0,36.0,4.0
1362,4.8,17,14,0,2018,4,13,31.0,37.0,10.0
1363,4.5,15,20,5,2018,4,14,-98.0,8.0,10.0
1364,5.2,23,12,57,2018,4,15,177.0,-20.0,10.0
1365,5.0,13,7,20,2018,4,18,-6.0,0.0,10.0
1366,5.1,20,30,56,2018,5,3,-155.0,19.0,6.0
1367,5.4,21,32,44,2018,5,4,-155.0,19.0,6.0
1368,6.9,22,32,54,2018,5,4,-155.0,19.0,2.0
1369,5.0,4,15,15,2018,5,17,-155.0,19.0,1.0
1370,5.0,14,4,10,2018,5,17,-155.0,19.0,0.0
1371,5.0,9,58,28,2018,5,19,-155.0,19.0,1.0
1372,4.9,1,58,13,2018,5,20,-155.0,19.0,0.0
1373,4.9,21,50,7,2018,5,20,-155.0,19.0,0.0
1374,5.1,0,18,36,2018,5,21,9.0,34.0,10.0
1375,4.9,10,55,19,2018,5,21,-155.0,19.0,0.0
1376,4.9,3,51,11,2018,5,22,-155.0,19.0,0.0
1377,4.9,7,58,46,2018,5,23,-155.0,19.0,0.0
1378,4.9,4,43,49,2018,5,24,-155.0,19.0,0.0
1379,5.0,2,15,52,2018,5,26,-155.0,19.0,0.0
1380,4.8,10,44,48,2018,5,26,-155.0,18.0,10.0
1381,4.7,19,34,41,2018,5,26,-155.0,19.0,0.0
1382,5.2,17,50,52,2018,5,27,124.0,45.0,10.0
1383,4.1,3,39,36,2018,5,29,-155.0,19.0,1.0
1384,5.3,11,56,11,2018,5,29,-155.0,19.0,0.0
1385,5.3,10,30,43,2018,5,30,-1.0,76.0,10.0
1386,5.3,20,53,50,2018,5,30,-155.0,19.0,0.0
1387,5.4,23,37,15,2018,6,1,-155.0,19.0,0.0
1388,5.4,1,50,48,2018,6,4,-155.0,19.0,0.0
1389,5.4,14,32,34,2018,6,5,-155.0,19.0,-1.0
1390,5.4,2,6,38,2018,6,7,-155.0,19.0,-1.0
1391,5.1,8,49,16,2018,6,7,-10.0,-41.0,10.0
1392,5.2,12,44,39,2018,6,8,-155.0,19.0,-1.0
1393,5.2,14,48,18,2018,6,9,-155.0,19.0,0.0
1394,5.3,10,51,1,2018,6,10,-155.0,19.0,0.0
1395,5.3,14,43,54,2018,6,11,-155.0,19.0,0.0
1396,5.3,11,52,51,2018,6,12,-155.0,19.0,0.0
1397,5.3,13,39,37,2018,6,13,-155.0,19.0,0.0
1398,5.3,13,19,37,2018,6,14,-155.0,19.0,0.0
1399,5.3,21,56,39,2018,6,15,-155.0,19.0,0.0
1400,5.3,20,18,17,2018,6,16,-155.0,19.0,0.0
1401,5.3,16,26,13,2018,6,17,-155.0,19.0,0.0
1402,5.3,16,12,48,2018,6,18,-155.0,19.0,0.0
1403,5.3,15,5,34,2018,6,19,-155.0,19.0,0.0
1404,5.3,14,22,23,2018,6,20,-155.0,19.0,0.0
1405,5.4,23,12,59,2018,6,21,-155.0,19.0,0.0
1406,5.3,4,52,16,2018,6,23,-155.0,19.0,0.0
1407,5.2,2,34,35,2018,6,24,-155.0,19.0,-1.0
1408,5.2,2,12,24,2018,6,25,-155.0,19.0,0.0
1409,5.2,3,2,44,2018,6,26,-155.0,19.0,0.0
1410,5.5,9,15,36,2018,6,26,-90.0,0.0,10.0
1411,5.3,8,40,40,2018,6,27,-155.0,19.0,0.0
1412,5.3,14,48,50,2018,6,28,-155.0,19.0,0.0
1413,5.2,17,50,46,2018,6,29,-155.0,19.0,0.0
1414,5.3,0,51,12,2018,7,1,-155.0,19.0,-1.0
1415,3.9,11,24,26,2018,7,2,-155.0,19.0,0.0
1416,5.3,12,17,3,2018,7,3,-155.0,19.0,0.0
1417,5.3,16,56,4,2018,7,4,-126.0,-19.0,10.0
1418,5.3,20,19,10,2018,7,4,-155.0,19.0,0.0
1419,4.9,0,30,27,2018,7,5,-90.0,0.0,10.0
1420,5.2,23,20,4,2018,7,5,-155.0,19.0,0.0
1421,5.3,4,4,37,2018,7,7,-155.0,19.0,0.0
1422,5.3,12,54,50,2018,7,8,-155.0,19.0,0.0
1423,5.3,19,20,46,2018,7,9,-155.0,19.0,0.0
1424,5.3,15,45,53,2018,7,11,-155.0,19.0,0.0
1425,5.3,0,42,27,2018,7,13,-155.0,19.0,0.0
1426,5.3,5,8,3,2018,7,14,-155.0,19.0,0.0
1427,5.3,13,26,5,2018,7,15,-155.0,19.0,1.0
1428,5.3,21,42,35,2018,7,16,-155.0,19.0,0.0
1429,5.3,11,28,3,2018,7,18,-155.0,19.0,-1.0
1430,5.3,2,33,1,2018,7,20,-155.0,19.0,0.0
1431,5.3,19,43,28,2018,7,21,-155.0,19.0,0.0
1432,5.6,20,39,17,2018,7,22,57.0,30.0,10.0
1433,5.3,6,53,38,2018,7,23,-155.0,19.0,0.0
1434,5.3,16,41,10,2018,7,24,-155.0,19.0,0.0
1435,5.3,4,20,30,2018,7,25,130.0,25.0,10.0
1436,5.3,22,9,11,2018,7,26,-155.0,19.0,0.0
1437,4.7,18,23,12,2018,7,27,-177.0,60.0,10.0
1438,5.3,12,37,25,2018,7,28,-155.0,19.0,0.0
1439,5.3,22,10,25,2018,7,29,-155.0,19.0,0.0
1440,5.3,17,59,46,2018,7,31,-155.0,19.0,0.0
1441,5.3,21,55,12,2018,8,2,-155.0,19.0,0.0
1442,5.0,2,16,31,2018,8,5,152.0,57.0,10.0
1443,5.6,16,53,39,2018,8,9,2.0,-33.0,10.0
1444,4.7,9,22,39,2018,8,14,130.0,25.0,10.0
1445,5.0,3,19,1,2018,8,27,158.0,58.0,10.0
1446,4.6,4,17,39,2018,8,28,52.0,31.0,10.0
1447,4.6,15,37,40,2018,8,31,-11.0,69.0,10.0
1448,4.9,2,44,0,2018,9,1,-122.0,-6.0,10.0
1449,4.4,17,21,29,2018,9,2,-143.0,-54.0,10.0
1450,5.5,21,52,56,2018,9,3,76.0,39.0,10.0
1451,4.8,6,12,55,2018,9,4,-10.0,40.0,10.0
1452,5.0,22,58,19,2018,9,4,57.0,54.0,10.0
1453,5.7,2,31,30,2018,9,8,101.0,23.0,8.0
1454,5.3,15,9,27,2018,9,11,-146.0,-54.0,10.0
1455,5.4,15,14,8,2018,9,11,-146.0,-54.0,10.0
1456,5.3,4,56,25,2018,9,16,116.0,-34.0,10.0
1457,4.9,20,20,55,2018,9,16,130.0,6.0,10.0
1458,4.6,2,7,28,2018,9,21,-81.0,13.0,10.0
1459,4.6,4,37,46,2018,9,23,-81.0,13.0,10.0
1460,4.7,15,37,14,2018,9,25,-81.0,13.0,6.0
1461,4.5,16,6,2,2018,9,25,-81.0,13.0,10.0
1462,4.7,19,59,41,2018,10,4,-81.0,13.0,13.0
1463,4.7,4,27,41,2018,11,1,-14.0,40.0,10.0
1464,5.0,20,3,45,2018,11,3,-179.0,-39.0,10.0
1465,5.2,21,7,1,2018,11,8,116.0,-34.0,10.0
1466,4.9,9,29,41,2018,11,18,143.0,8.0,10.0
1467,4.6,1,19,6,2018,11,25,-81.0,13.0,10.0
1468,6.0,3,40,50,2018,11,25,-81.0,13.0,10.0
1469,4.4,10,45,17,2018,11,25,-81.0,13.0,10.0
1470,4.9,15,45,59,2018,11,25,-81.0,13.0,10.0
1471,5.7,20,56,36,2018,11,25,-81.0,13.0,10.0
1472,5.7,23,57,25,2018,11,25,118.0,23.0,16.0
1473,4.7,3,43,5,2018,11,26,-81.0,13.0,10.0
1474,4.6,9,13,13,2018,11,26,-81.0,13.0,10.0
1475,4.5,1,17,44,2018,11,27,-81.0,13.0,10.0
1476,5.7,15,41,20,2018,11,27,171.0,-21.0,10.0
1477,5.4,15,4,59,2018,12,2,18.0,-54.0,10.0
1478,4.8,22,10,39,2018,12,2,-105.0,-44.0,10.0
1479,5.7,22,32,47,2018,12,2,171.0,-21.0,10.0
1480,4.7,20,28,25,2018,12,10,177.0,62.0,10.0
1481,4.7,0,31,3,2018,12,12,-74.0,-50.0,17.0
1482,5.8,14,26,19,2018,12,16,112.0,-23.0,10.0
1483,5.4,5,37,38,2018,12,22,32.0,-20.0,16.0
1484,4.8,14,36,46,2018,12,28,171.0,-21.0,10.0
1485,5.7,22,54,14,2019,1,5,144.0,25.0,14.0
1486,4.8,3,45,34,2019,1,6,-153.0,65.0,17.0
1487,5.0,16,22,32,2019,1,6,77.0,39.0,9.0
1488,5.5,3,11,54,2019,1,7,121.0,7.0,19.0
1489,4.7,17,35,40,2019,1,9,147.0,-4.0,10.0
1490,4.6,10,54,50,2019,1,14,101.0,21.0,10.0
1491,4.7,13,35,48,2019,2,10,-157.0,66.0,7.0
1492,4.9,1,32,27,2019,2,12,85.0,14.0,10.0
1493,4.8,21,32,41,2019,2,12,-47.0,13.0,10.0
1494,5.2,21,33,14,2019,3,6,-157.0,66.0,9.0
1495,5.0,5,10,37,2019,3,7,-68.0,-38.0,13.0
1496,5.5,7,53,20,2019,3,10,90.0,-3.0,10.0
1497,4.9,10,55,13,2019,3,13,-155.0,19.0,7.0
1498,4.7,16,21,15,2019,3,24,38.0,-3.0,10.0
1499,5.0,21,27,18,2019,3,26,-157.0,66.0,8.0
1500,5.1,3,9,2,2019,4,14,-155.0,19.0,13.0
1501,4.7,5,7,46,2019,4,16,-157.0,66.0,9.0
1502,6.2,7,25,29,2019,5,3,160.0,-6.0,10.0
1503,4.5,8,18,38,2019,5,12,-78.0,15.0,10.0
1504,4.8,16,53,46,2019,5,15,32.0,32.0,10.0
1505,4.8,22,24,52,2019,5,17,124.0,45.0,16.0
1506,4.9,2,26,52,2019,5,30,132.0,-21.0,10.0
1507,4.6,6,31,35,2019,6,15,-157.0,66.0,6.0
1508,4.6,8,50,24,2019,6,22,-99.0,39.0,3.0
1509,5.0,18,34,33,2019,6,22,171.0,-17.0,10.0
1510,5.0,19,44,12,2019,6,29,122.0,22.0,20.0
1511,4.7,18,17,7,2019,7,2,-157.0,66.0,7.0
1512,5.5,19,51,46,2019,7,2,123.0,-43.0,10.0
1513,5.0,17,8,27,2019,7,5,87.0,9.0,10.0
1514,6.6,5,39,23,2019,7,14,120.0,-18.0,10.0
1515,5.1,23,1,36,2019,7,14,120.0,-18.0,10.0
1516,5.1,1,22,17,2019,8,1,133.0,-19.0,10.0
1517,4.9,10,44,46,2019,8,2,-150.0,-40.0,10.0
1518,5.2,22,40,58,2019,8,12,96.0,-29.0,10.0
1519,5.3,13,58,34,2019,9,5,116.0,14.0,11.0
1520,5.0,18,50,5,2019,9,5,26.0,-1.0,10.0
1521,4.4,0,9,26,2019,9,7,143.0,35.0,10.0
1522,5.0,22,42,14,2019,9,7,104.0,29.0,10.0
1523,5.2,7,41,53,2019,10,1,79.0,-32.0,10.0
1524,4.6,14,55,23,2019,10,12,110.0,22.0,10.0
1525,4.4,16,58,28,2019,10,17,-69.0,-46.0,10.0
1526,5.4,0,58,28,2019,10,18,-157.0,66.0,6.0
1527,5.2,13,8,59,2019,10,18,-157.0,66.0,6.0
1528,5.7,20,31,55,2019,10,19,178.0,-18.0,17.0
1529,4.6,21,6,47,2019,10,24,28.0,36.0,10.0
1530,4.7,16,35,52,2019,11,11,-155.0,19.0,32.0
1531,4.8,16,2,42,2019,11,12,59.0,-20.0,10.0
1532,5.3,14,17,17,2019,11,13,79.0,-32.0,10.0
1533,5.0,8,39,9,2019,11,17,-4.0,32.0,10.0
1534,4.9,20,27,24,2019,11,19,113.0,-12.0,10.0
1535,5.0,1,18,22,2019,11,25,106.0,22.0,10.0
1536,5.0,23,49,52,2019,11,27,106.0,22.0,10.0
1537,4.9,0,14,6,2019,12,18,104.0,29.0,10.0
1538,5.5,15,25,58,2019,12,19,8.0,1.0,10.0
1539,4.9,2,21,50,2019,12,22,69.0,-1.0,10.0
1540,5.0,10,36,37,2019,12,26,113.0,30.0,10.0
1541,5.2,17,13,50,2019,12,26,158.0,58.0,9.0
1542,5.1,2,34,32,2019,12,28,158.0,58.0,16.0
1543,4.6,6,31,8,2020,1,5,171.0,-21.0,40.0
1544,5.2,8,32,38,2020,1,16,83.0,41.0,10.0
1545,4.8,16,5,42,2020,2,2,104.0,30.0,10.0
1546,4.9,15,39,14,2020,2,21,77.0,39.0,10.0
1547,4.6,0,33,48,2020,2,24,56.0,31.0,10.0
1548,4.8,3,5,27,2020,2,29,-14.0,35.0,10.0
1549,4.9,14,55,37,2020,3,3,121.0,7.0,32.0
1550,5.2,20,58,4,2020,3,7,-16.0,32.0,9.0
1551,4.8,15,31,33,2020,3,18,-157.0,66.0,10.0
1552,5.0,15,16,27,2020,3,26,-104.0,31.0,9.0
1553,5.3,5,41,56,2020,4,24,-126.0,-19.0,10.0
1554,4.4,21,7,53,2020,4,24,32.0,-3.0,10.0
1555,4.9,1,11,56,2020,5,18,20.0,67.0,1.0
1556,5.1,13,48,3,2020,5,18,103.0,27.0,10.0
1557,5.7,23,43,18,2020,5,20,20.0,35.0,22.0
1558,5.1,12,57,33,2020,5,21,24.0,-9.0,10.0
1559,4.8,3,21,41,2020,6,3,-97.0,10.0,16.0
1560,4.9,22,29,58,2020,6,14,121.0,7.0,10.0
1561,4.9,1,58,30,2020,6,30,116.0,6.0,620.0
1562,4.8,6,19,10,2020,7,4,116.0,47.0,10.0
1563,5.4,2,15,13,2020,7,19,93.0,-10.0,10.0
1564,4.8,11,44,5,2020,8,4,22.0,-5.0,10.0
1565,5.3,8,48,6,2020,8,5,7.0,87.0,10.0
1566,5.3,3,0,39,2020,8,7,126.0,-3.0,10.0
1567,5.1,12,7,37,2020,8,9,-81.0,36.0,3.0
1568,6.1,17,24,4,2020,8,31,70.0,-4.0,10.0
1569,5.6,0,51,17,2020,9,1,158.0,58.0,10.0
1570,4.7,4,44,32,2020,9,11,173.0,50.0,9.0
1571,4.6,17,19,17,2020,9,12,83.0,41.0,10.0
1572,5.0,8,7,10,2020,9,14,145.0,10.0,10.0
1573,5.1,19,8,7,2020,9,20,34.0,38.0,10.0
1574,4.7,21,7,29,2020,10,1,70.0,-4.0,10.0
1575,5.2,13,22,47,2020,10,3,-29.0,69.0,10.0
1576,5.3,2,57,20,2020,10,9,122.0,-6.0,10.0
1577,5.0,11,34,18,2020,10,24,48.0,35.0,10.0
1578,5.0,21,34,51,2020,10,26,56.0,32.0,10.0
1579,4.9,3,1,30,2020,11,5,108.0,49.0,3.0
1580,4.9,3,50,20,2020,11,23,-95.0,73.0,10.0
1581,5.7,16,35,48,2020,12,1,-150.0,53.0,10.0
1582,5.3,7,25,34,2020,12,13,176.0,-24.0,10.0
